file,line,type,commit,author,date,time,timezone,datetime,depth,length
style.css,1,css,1ba13efd,Ryotakemuraryo,2025-04-09,15:53:21,-07:00,2025-04-09T15:53:21-07:00,0,4
style.css,2,css,1ba13efd,Ryotakemuraryo,2025-04-09,15:53:21,-07:00,2025-04-09T15:53:21-07:00,0,31
style.css,3,css,d4b28c56,Ryotakemuraryo,2025-04-17,16:48:38,-07:00,2025-04-17T16:48:38-07:00,0,24
style.css,4,css,1ba13efd,Ryotakemuraryo,2025-04-09,15:53:21,-07:00,2025-04-09T15:53:21-07:00,0,91
style.css,5,css,ca577f7e,Ryotakemuraryo,2025-04-09,17:09:52,-07:00,2025-04-09T17:09:52-07:00,0,26
style.css,6,css,1ba13efd,Ryotakemuraryo,2025-04-09,15:53:21,-07:00,2025-04-09T15:53:21-07:00,0,0
style.css,7,css,1ba13efd,Ryotakemuraryo,2025-04-09,15:53:21,-07:00,2025-04-09T15:53:21-07:00,0,0
style.css,8,css,58e8118a,Ryotakemuraryo,2025-04-03,20:04:49,-07:00,2025-04-03T20:04:49-07:00,0,5
style.css,9,css,58e8118a,Ryotakemuraryo,2025-04-03,20:04:49,-07:00,2025-04-03T20:04:49-07:00,0,44
style.css,10,css,58e8118a,Ryotakemuraryo,2025-04-03,20:04:49,-07:00,2025-04-03T20:04:49-07:00,0,43
style.css,11,css,58e8118a,Ryotakemuraryo,2025-04-03,20:04:49,-07:00,2025-04-03T20:04:49-07:00,0,1
style.css,12,css,9c44e83e,Ryotakemuraryo,2025-04-08,20:31:21,-07:00,2025-04-08T20:31:21-07:00,0,16
style.css,13,css,566bf1f9,Ryotakemuraryo,2025-04-08,20:44:51,-07:00,2025-04-08T20:44:51-07:00,0,42
style.css,14,css,1ba13efd,Ryotakemuraryo,2025-04-09,15:53:21,-07:00,2025-04-09T15:53:21-07:00,0,135
style.css,15,css,9c44e83e,Ryotakemuraryo,2025-04-08,20:31:21,-07:00,2025-04-08T20:31:21-07:00,0,26
style.css,16,css,fba27679,Ryotakemuraryo,2025-04-08,22:39:52,-07:00,2025-04-08T22:39:52-07:00,0,0
style.css,17,css,fba27679,Ryotakemuraryo,2025-04-08,22:39:52,-07:00,2025-04-08T22:39:52-07:00,0,0
style.css,18,css,fba27679,Ryotakemuraryo,2025-04-08,22:39:52,-07:00,2025-04-08T22:39:52-07:00,0,6
style.css,19,css,fba27679,Ryotakemuraryo,2025-04-08,22:39:52,-07:00,2025-04-08T22:39:52-07:00,0,7
style.css,20,css,fba27679,Ryotakemuraryo,2025-04-08,22:39:52,-07:00,2025-04-08T22:39:52-07:00,0,46
style.css,21,css,b2204dbc,Ryotakemuraryo,2025-04-08,22:54:39,-07:00,2025-04-08T22:54:39-07:00,0,0
style.css,22,css,b2204dbc,Ryotakemuraryo,2025-04-08,22:54:39,-07:00,2025-04-08T22:54:39-07:00,0,0
style.css,23,css,b2204dbc,Ryotakemuraryo,2025-04-08,22:54:39,-07:00,2025-04-08T22:54:39-07:00,0,4
style.css,24,css,ec0c5308,Ryotakemuraryo,2025-04-09,15:04:44,-07:00,2025-04-09T15:04:44-07:00,0,40
style.css,25,css,4c3bcae6,Ryotakemuraryo,2025-04-09,15:22:19,-07:00,2025-04-09T15:22:19-07:00,0,24
style.css,26,css,4c3bcae6,Ryotakemuraryo,2025-04-09,15:22:19,-07:00,2025-04-09T15:22:19-07:00,0,26
style.css,27,css,dc76be64,Ryotakemuraryo,2025-04-17,15:20:18,-07:00,2025-04-17T15:20:18-07:00,0,100
style.css,28,css,b2204dbc,Ryotakemuraryo,2025-04-08,22:54:39,-07:00,2025-04-08T22:54:39-07:00,0,0
style.css,29,css,b2204dbc,Ryotakemuraryo,2025-04-08,22:54:39,-07:00,2025-04-08T22:54:39-07:00,0,0
style.css,30,css,7fa59843,Ryotakemuraryo,2025-04-09,15:00:48,-07:00,2025-04-09T15:00:48-07:00,0,5
style.css,31,css,4c3bcae6,Ryotakemuraryo,2025-04-09,15:22:19,-07:00,2025-04-09T15:22:19-07:00,0,37
style.css,32,css,14c5a7f1,Ryotakemuraryo,2025-04-09,15:12:18,-07:00,2025-04-09T15:12:18-07:00,0,41
style.css,33,css,4c3bcae6,Ryotakemuraryo,2025-04-09,15:22:19,-07:00,2025-04-09T15:22:19-07:00,0,76
style.css,34,css,14c5a7f1,Ryotakemuraryo,2025-04-09,15:12:18,-07:00,2025-04-09T15:12:18-07:00,0,48
style.css,35,css,4c3bcae6,Ryotakemuraryo,2025-04-09,15:22:19,-07:00,2025-04-09T15:22:19-07:00,0,57
style.css,36,css,7fa59843,Ryotakemuraryo,2025-04-09,15:00:48,-07:00,2025-04-09T15:00:48-07:00,0,0
style.css,37,css,2fc25a3e,Ryotakemuraryo,2025-04-08,23:04:33,-07:00,2025-04-08T23:04:33-07:00,0,0
style.css,38,css,daf5db64,Ryotakemuraryo,2025-04-17,12:59:55,-07:00,2025-04-17T12:59:55-07:00,0,8
style.css,39,css,239fee64,Ryotakemuraryo,2025-04-09,15:29:40,-07:00,2025-04-09T15:29:40-07:00,0,93
style.css,40,css,1ba13efd,Ryotakemuraryo,2025-04-09,15:53:21,-07:00,2025-04-09T15:53:21-07:00,0,84
style.css,41,css,239fee64,Ryotakemuraryo,2025-04-09,15:29:40,-07:00,2025-04-09T15:29:40-07:00,0,0
style.css,42,css,5957a68b,Ryotakemuraryo,2025-04-09,15:56:09,-07:00,2025-04-09T15:56:09-07:00,0,0
style.css,43,css,3f8a17d7,Ryotakemuraryo,2025-04-09,16:06:14,-07:00,2025-04-09T16:06:14-07:00,0,35
style.css,44,css,5957a68b,Ryotakemuraryo,2025-04-09,15:56:09,-07:00,2025-04-09T15:56:09-07:00,0,46
style.css,45,css,5957a68b,Ryotakemuraryo,2025-04-09,15:56:09,-07:00,2025-04-09T15:56:09-07:00,0,21
style.css,46,css,70b0ad51,Ryotakemuraryo,2025-04-17,15:22:54,-07:00,2025-04-17T15:22:54-07:00,0,70
style.css,47,css,5957a68b,Ryotakemuraryo,2025-04-09,15:56:09,-07:00,2025-04-09T15:56:09-07:00,0,0
style.css,48,css,5957a68b,Ryotakemuraryo,2025-04-09,15:56:09,-07:00,2025-04-09T15:56:09-07:00,0,0
style.css,49,css,c9d013a3,Ryotakemuraryo,2025-04-09,18:54:30,-07:00,2025-04-09T18:54:30-07:00,0,35
style.css,50,css,2217fb4c,Ryotakemuraryo,2025-04-09,17:49:00,-07:00,2025-04-09T17:49:00-07:00,0,13
style.css,51,css,ee49b2ca,Ryotakemuraryo,2025-04-09,18:36:36,-07:00,2025-04-09T18:36:36-07:00,0,156
style.css,52,css,7a09fa8c,Ryotakemuraryo,2025-04-09,18:10:41,-07:00,2025-04-09T18:10:41-07:00,0,8
style.css,53,css,c744c340,Ryotakemuraryo,2025-04-09,16:27:37,-07:00,2025-04-09T16:27:37-07:00,0,0
style.css,54,css,c744c340,Ryotakemuraryo,2025-04-09,16:27:37,-07:00,2025-04-09T16:27:37-07:00,0,0
style.css,55,css,c9d013a3,Ryotakemuraryo,2025-04-09,18:54:30,-07:00,2025-04-09T18:54:30-07:00,0,39
style.css,56,css,ee49b2ca,Ryotakemuraryo,2025-04-09,18:36:36,-07:00,2025-04-09T18:36:36-07:00,0,13
style.css,57,css,ee49b2ca,Ryotakemuraryo,2025-04-09,18:36:36,-07:00,2025-04-09T18:36:36-07:00,0,30
style.css,58,css,ee49b2ca,Ryotakemuraryo,2025-04-09,18:36:36,-07:00,2025-04-09T18:36:36-07:00,0,19
style.css,59,css,ee49b2ca,Ryotakemuraryo,2025-04-09,18:36:36,-07:00,2025-04-09T18:36:36-07:00,0,0
style.css,60,css,ee49b2ca,Ryotakemuraryo,2025-04-09,18:36:36,-07:00,2025-04-09T18:36:36-07:00,0,0
style.css,61,css,7e5e07b2,Ryotakemuraryo,2025-04-09,18:40:28,-07:00,2025-04-09T18:40:28-07:00,0,11
style.css,62,css,7e5e07b2,Ryotakemuraryo,2025-04-09,18:40:28,-07:00,2025-04-09T18:40:28-07:00,0,19
style.css,63,css,7e5e07b2,Ryotakemuraryo,2025-04-09,18:40:28,-07:00,2025-04-09T18:40:28-07:00,0,0
style.css,64,css,7e5e07b2,Ryotakemuraryo,2025-04-09,18:40:28,-07:00,2025-04-09T18:40:28-07:00,0,0
style.css,65,css,2071afe5,Ryotakemuraryo,2025-04-10,11:32:31,-07:00,2025-04-10T11:32:31-07:00,0,50
style.css,66,css,2071afe5,Ryotakemuraryo,2025-04-10,11:32:31,-07:00,2025-04-10T11:32:31-07:00,0,13
style.css,67,css,2071afe5,Ryotakemuraryo,2025-04-10,11:32:31,-07:00,2025-04-10T11:32:31-07:00,0,59
style.css,68,css,2071afe5,Ryotakemuraryo,2025-04-10,11:32:31,-07:00,2025-04-10T11:32:31-07:00,0,127
style.css,69,css,2ac25770,Ryotakemuraryo,2025-04-10,11:46:54,-07:00,2025-04-10T11:46:54-07:00,0,8
style.css,70,css,2ac25770,Ryotakemuraryo,2025-04-10,11:46:54,-07:00,2025-04-10T11:46:54-07:00,0,0
style.css,71,css,2ac25770,Ryotakemuraryo,2025-04-10,11:46:54,-07:00,2025-04-10T11:46:54-07:00,0,0
style.css,72,css,2ac25770,Ryotakemuraryo,2025-04-10,11:46:54,-07:00,2025-04-10T11:46:54-07:00,0,17
style.css,73,css,730d9fa6,Ryotakemuraryo,2025-04-10,12:04:21,-07:00,2025-04-10T12:04:21-07:00,0,41
style.css,74,css,730d9fa6,Ryotakemuraryo,2025-04-10,12:04:21,-07:00,2025-04-10T12:04:21-07:00,0,47
style.css,75,css,730d9fa6,Ryotakemuraryo,2025-04-10,12:04:21,-07:00,2025-04-10T12:04:21-07:00,0,59
style.css,76,css,7da7170d,Ryotakemuraryo,2025-04-10,12:11:04,-07:00,2025-04-10T12:11:04-07:00,0,10
style.css,77,css,2ac25770,Ryotakemuraryo,2025-04-10,11:46:54,-07:00,2025-04-10T11:46:54-07:00,0,0
style.css,78,css,2ac25770,Ryotakemuraryo,2025-04-10,11:46:54,-07:00,2025-04-10T11:46:54-07:00,0,0
style.css,79,css,d19ac4b5,Ryotakemuraryo,2025-04-10,11:57:18,-07:00,2025-04-10T11:57:18-07:00,0,20
style.css,80,css,730d9fa6,Ryotakemuraryo,2025-04-10,12:04:21,-07:00,2025-04-10T12:04:21-07:00,0,26
style.css,81,css,e89b84f2,Ryotakemuraryo,2025-04-10,12:40:20,-07:00,2025-04-10T12:40:20-07:00,0,0
style.css,82,css,e89b84f2,Ryotakemuraryo,2025-04-10,12:40:20,-07:00,2025-04-10T12:40:20-07:00,0,0
style.css,83,css,db447075,Ryotakemuraryo,2025-05-01,21:14:43,-07:00,2025-05-01T21:14:43-07:00,0,14
style.css,84,css,db447075,Ryotakemuraryo,2025-05-01,21:14:43,-07:00,2025-05-01T21:14:43-07:00,0,13
style.css,85,css,db447075,Ryotakemuraryo,2025-05-01,21:14:43,-07:00,2025-05-01T21:14:43-07:00,0,22
style.css,86,css,dbceadee,Ryotakemuraryo,2025-05-01,21:23:08,-07:00,2025-05-01T21:23:08-07:00,0,12
style.css,87,css,db447075,Ryotakemuraryo,2025-05-01,21:14:43,-07:00,2025-05-01T21:14:43-07:00,0,18
style.css,88,css,db447075,Ryotakemuraryo,2025-05-01,21:14:43,-07:00,2025-05-01T21:14:43-07:00,0,0
style.css,89,css,db447075,Ryotakemuraryo,2025-05-01,21:14:43,-07:00,2025-05-01T21:14:43-07:00,0,0
style.css,90,css,db447075,Ryotakemuraryo,2025-05-01,21:14:43,-07:00,2025-05-01T21:14:43-07:00,0,14
style.css,91,css,db447075,Ryotakemuraryo,2025-05-01,21:14:43,-07:00,2025-05-01T21:14:43-07:00,0,11
style.css,92,css,db447075,Ryotakemuraryo,2025-05-01,21:14:43,-07:00,2025-05-01T21:14:43-07:00,0,18
style.css,93,css,db447075,Ryotakemuraryo,2025-05-01,21:14:43,-07:00,2025-05-01T21:14:43-07:00,0,17
style.css,94,css,db447075,Ryotakemuraryo,2025-05-01,21:14:43,-07:00,2025-05-01T21:14:43-07:00,0,0
style.css,95,css,db447075,Ryotakemuraryo,2025-05-01,21:14:43,-07:00,2025-05-01T21:14:43-07:00,0,0
style.css,96,css,db447075,Ryotakemuraryo,2025-05-01,21:14:43,-07:00,2025-05-01T21:14:43-07:00,0,0
style.css,97,css,e89b84f2,Ryotakemuraryo,2025-04-10,12:40:20,-07:00,2025-04-10T12:40:20-07:00,0,2
style.css,98,css,e89b84f2,Ryotakemuraryo,2025-04-10,12:40:20,-07:00,2025-04-10T12:40:20-07:00,0,15
style.css,99,css,e89b84f2,Ryotakemuraryo,2025-04-10,12:40:20,-07:00,2025-04-10T12:40:20-07:00,0,0
style.css,100,css,e89b84f2,Ryotakemuraryo,2025-04-10,12:40:20,-07:00,2025-04-10T12:40:20-07:00,0,0
style.css,101,css,e89b84f2,Ryotakemuraryo,2025-04-10,12:40:20,-07:00,2025-04-10T12:40:20-07:00,0,23
style.css,102,css,e89b84f2,Ryotakemuraryo,2025-04-10,12:40:20,-07:00,2025-04-10T12:40:20-07:00,0,48
style.css,103,css,e89b84f2,Ryotakemuraryo,2025-04-10,12:40:20,-07:00,2025-04-10T12:40:20-07:00,0,42
style.css,104,css,56731f84,Ryotakemuraryo,2025-04-10,13:23:57,-07:00,2025-04-10T13:23:57-07:00,0,0
style.css,105,css,56731f84,Ryotakemuraryo,2025-04-10,13:23:57,-07:00,2025-04-10T13:23:57-07:00,0,0
style.css,106,css,56731f84,Ryotakemuraryo,2025-04-10,13:23:57,-07:00,2025-04-10T13:23:57-07:00,0,7
style.css,107,css,56731f84,Ryotakemuraryo,2025-04-10,13:23:57,-07:00,2025-04-10T13:23:57-07:00,0,17
style.css,108,css,56731f84,Ryotakemuraryo,2025-04-10,13:23:57,-07:00,2025-04-10T13:23:57-07:00,0,0
style.css,109,css,56731f84,Ryotakemuraryo,2025-04-10,13:23:57,-07:00,2025-04-10T13:23:57-07:00,0,0
style.css,110,css,56731f84,Ryotakemuraryo,2025-04-10,13:23:57,-07:00,2025-04-10T13:23:57-07:00,0,10
style.css,111,css,a2c5cd48,Ryotakemuraryo,2025-04-11,11:55:26,-07:00,2025-04-11T11:55:26-07:00,0,44
style.css,112,css,a2c5cd48,Ryotakemuraryo,2025-04-11,11:55:26,-07:00,2025-04-11T11:55:26-07:00,0,21
style.css,113,css,56731f84,Ryotakemuraryo,2025-04-10,13:23:57,-07:00,2025-04-10T13:23:57-07:00,0,20
style.css,114,css,a2c5cd48,Ryotakemuraryo,2025-04-11,11:55:26,-07:00,2025-04-11T11:55:26-07:00,0,17
style.css,115,css,a2c5cd48,Ryotakemuraryo,2025-04-11,11:55:26,-07:00,2025-04-11T11:55:26-07:00,0,16
style.css,116,css,b0073579,Ryotakemuraryo,2025-04-11,11:44:51,-07:00,2025-04-11T11:44:51-07:00,0,0
style.css,117,css,b0073579,Ryotakemuraryo,2025-04-11,11:44:51,-07:00,2025-04-11T11:44:51-07:00,0,0
style.css,118,css,b0073579,Ryotakemuraryo,2025-04-11,11:44:51,-07:00,2025-04-11T11:44:51-07:00,0,6
style.css,119,css,b0073579,Ryotakemuraryo,2025-04-11,11:44:51,-07:00,2025-04-11T11:44:51-07:00,0,18
style.css,120,css,b0073579,Ryotakemuraryo,2025-04-11,11:44:51,-07:00,2025-04-11T11:44:51-07:00,0,13
style.css,121,css,b0073579,Ryotakemuraryo,2025-04-11,11:44:51,-07:00,2025-04-11T11:44:51-07:00,0,0
style.css,122,css,b0073579,Ryotakemuraryo,2025-04-11,11:44:51,-07:00,2025-04-11T11:44:51-07:00,0,0
style.css,123,css,b0073579,Ryotakemuraryo,2025-04-11,11:44:51,-07:00,2025-04-11T11:44:51-07:00,0,12
style.css,124,css,b0073579,Ryotakemuraryo,2025-04-11,11:44:51,-07:00,2025-04-11T11:44:51-07:00,0,18
style.css,125,css,b0073579,Ryotakemuraryo,2025-04-11,11:44:51,-07:00,2025-04-11T11:44:51-07:00,0,9
style.css,126,css,b0073579,Ryotakemuraryo,2025-04-11,11:44:51,-07:00,2025-04-11T11:44:51-07:00,0,11
style.css,127,css,ed7252fa,Ryotakemuraryo,2025-04-11,11:49:55,-07:00,2025-04-11T11:49:55-07:00,0,11
style.css,128,css,b0073579,Ryotakemuraryo,2025-04-11,11:44:51,-07:00,2025-04-11T11:44:51-07:00,0,17
style.css,129,css,754738a5,Ryotakemuraryo,2025-04-11,11:53:31,-07:00,2025-04-11T11:53:31-07:00,0,22
style.css,130,css,754738a5,Ryotakemuraryo,2025-04-11,11:53:31,-07:00,2025-04-11T11:53:31-07:00,0,12
style.css,131,css,754738a5,Ryotakemuraryo,2025-04-11,11:53:31,-07:00,2025-04-11T11:53:31-07:00,0,23
style.css,132,css,929ae951,Ryotakemuraryo,2025-04-11,12:18:49,-07:00,2025-04-11T12:18:49-07:00,0,0
style.css,133,css,929ae951,Ryotakemuraryo,2025-04-11,12:18:49,-07:00,2025-04-11T12:18:49-07:00,0,0
style.css,134,css,929ae951,Ryotakemuraryo,2025-04-11,12:18:49,-07:00,2025-04-11T12:18:49-07:00,0,2
style.css,135,css,929ae951,Ryotakemuraryo,2025-04-11,12:18:49,-07:00,2025-04-11T12:18:49-07:00,0,13
style.css,136,css,929ae951,Ryotakemuraryo,2025-04-11,12:18:49,-07:00,2025-04-11T12:18:49-07:00,0,9
style.css,137,css,929ae951,Ryotakemuraryo,2025-04-11,12:18:49,-07:00,2025-04-11T12:18:49-07:00,0,21
style.css,138,css,929ae951,Ryotakemuraryo,2025-04-11,12:18:49,-07:00,2025-04-11T12:18:49-07:00,0,16
style.css,139,css,929ae951,Ryotakemuraryo,2025-04-11,12:18:49,-07:00,2025-04-11T12:18:49-07:00,0,0
style.css,140,css,929ae951,Ryotakemuraryo,2025-04-11,12:18:49,-07:00,2025-04-11T12:18:49-07:00,0,0
style.css,141,css,929ae951,Ryotakemuraryo,2025-04-11,12:18:49,-07:00,2025-04-11T12:18:49-07:00,0,5
style.css,142,css,929ae951,Ryotakemuraryo,2025-04-11,12:18:49,-07:00,2025-04-11T12:18:49-07:00,0,16
style.css,143,css,929ae951,Ryotakemuraryo,2025-04-11,12:18:49,-07:00,2025-04-11T12:18:49-07:00,0,11
style.css,144,css,929ae951,Ryotakemuraryo,2025-04-11,12:18:49,-07:00,2025-04-11T12:18:49-07:00,0,17
style.css,145,css,929ae951,Ryotakemuraryo,2025-04-11,12:18:49,-07:00,2025-04-11T12:18:49-07:00,0,17
style.css,146,css,929ae951,Ryotakemuraryo,2025-04-11,12:18:49,-07:00,2025-04-11T12:18:49-07:00,0,14
style.css,147,css,929ae951,Ryotakemuraryo,2025-04-11,12:18:49,-07:00,2025-04-11T12:18:49-07:00,0,0
style.css,148,css,929ae951,Ryotakemuraryo,2025-04-11,12:18:49,-07:00,2025-04-11T12:18:49-07:00,0,0
style.css,149,css,929ae951,Ryotakemuraryo,2025-04-11,12:18:49,-07:00,2025-04-11T12:18:49-07:00,0,6
style.css,150,css,929ae951,Ryotakemuraryo,2025-04-11,12:18:49,-07:00,2025-04-11T12:18:49-07:00,0,13
style.css,151,css,daf5db64,Ryotakemuraryo,2025-04-17,12:59:55,-07:00,2025-04-17T12:59:55-07:00,0,0
style.css,152,css,daf5db64,Ryotakemuraryo,2025-04-17,12:59:55,-07:00,2025-04-17T12:59:55-07:00,0,0
style.css,153,css,b6c04f6d,Ryotakemuraryo,2025-04-17,16:22:26,-07:00,2025-04-17T16:22:26-07:00,0,14
style.css,154,css,b6c04f6d,Ryotakemuraryo,2025-04-17,16:22:26,-07:00,2025-04-17T16:22:26-07:00,0,18
style.css,155,css,b6c04f6d,Ryotakemuraryo,2025-04-17,16:22:26,-07:00,2025-04-17T16:22:26-07:00,0,9
style.css,156,css,b6c04f6d,Ryotakemuraryo,2025-04-17,16:22:26,-07:00,2025-04-17T16:22:26-07:00,0,11
style.css,157,css,b6c04f6d,Ryotakemuraryo,2025-04-17,16:22:26,-07:00,2025-04-17T16:22:26-07:00,0,14
style.css,158,css,b6c04f6d,Ryotakemuraryo,2025-04-17,16:22:26,-07:00,2025-04-17T16:22:26-07:00,0,20
style.css,159,css,b6c04f6d,Ryotakemuraryo,2025-04-17,16:22:26,-07:00,2025-04-17T16:22:26-07:00,0,0
style.css,160,css,b6c04f6d,Ryotakemuraryo,2025-04-17,16:22:26,-07:00,2025-04-17T16:22:26-07:00,0,0
style.css,161,css,b84a2f29,Ryotakemuraryo,2025-04-25,11:46:50,-07:00,2025-04-25T11:46:50-07:00,0,0
style.css,162,css,b84a2f29,Ryotakemuraryo,2025-04-25,11:46:50,-07:00,2025-04-25T11:46:50-07:00,0,3
style.css,163,css,b84a2f29,Ryotakemuraryo,2025-04-25,11:46:50,-07:00,2025-04-25T11:46:50-07:00,0,13
style.css,164,css,b84a2f29,Ryotakemuraryo,2025-04-25,11:46:50,-07:00,2025-04-25T11:46:50-07:00,0,37
style.css,165,css,b84a2f29,Ryotakemuraryo,2025-04-25,11:46:50,-07:00,2025-04-25T11:46:50-07:00,0,11
style.css,166,css,b84a2f29,Ryotakemuraryo,2025-04-25,11:46:50,-07:00,2025-04-25T11:46:50-07:00,0,18
style.css,167,css,b84a2f29,Ryotakemuraryo,2025-04-25,11:46:50,-07:00,2025-04-25T11:46:50-07:00,0,0
style.css,168,css,b84a2f29,Ryotakemuraryo,2025-04-25,11:46:50,-07:00,2025-04-25T11:46:50-07:00,0,0
style.css,169,css,b84a2f29,Ryotakemuraryo,2025-04-25,11:46:50,-07:00,2025-04-25T11:46:50-07:00,0,3
style.css,170,css,b84a2f29,Ryotakemuraryo,2025-04-25,11:46:50,-07:00,2025-04-25T11:46:50-07:00,0,11
style.css,171,css,b84a2f29,Ryotakemuraryo,2025-04-25,11:46:50,-07:00,2025-04-25T11:46:50-07:00,0,17
style.css,172,css,b84a2f29,Ryotakemuraryo,2025-04-25,11:46:50,-07:00,2025-04-25T11:46:50-07:00,0,0
style.css,173,css,b84a2f29,Ryotakemuraryo,2025-04-25,11:46:50,-07:00,2025-04-25T11:46:50-07:00,0,0
style.css,174,css,b84a2f29,Ryotakemuraryo,2025-04-25,11:46:50,-07:00,2025-04-25T11:46:50-07:00,0,3
style.css,175,css,b84a2f29,Ryotakemuraryo,2025-04-25,11:46:50,-07:00,2025-04-25T11:46:50-07:00,0,11
style.css,176,css,b84a2f29,Ryotakemuraryo,2025-04-25,11:46:50,-07:00,2025-04-25T11:46:50-07:00,0,9
style.css,177,css,b84a2f29,Ryotakemuraryo,2025-04-25,11:46:50,-07:00,2025-04-25T11:46:50-07:00,0,0
style.css,178,css,b84a2f29,Ryotakemuraryo,2025-04-25,11:46:50,-07:00,2025-04-25T11:46:50-07:00,0,0
style.css,179,css,748827d3,Ryotakemuraryo,2025-05-02,12:05:52,-07:00,2025-05-02T12:05:52-07:00,0,19
style.css,180,css,c050abd3,Ryotakemuraryo,2025-05-01,22:06:39,-07:00,2025-05-01T22:06:39-07:00,0,15
style.css,181,css,c050abd3,Ryotakemuraryo,2025-05-01,22:06:39,-07:00,2025-05-01T22:06:39-07:00,0,17
style.css,182,css,c050abd3,Ryotakemuraryo,2025-05-01,22:06:39,-07:00,2025-05-01T22:06:39-07:00,0,0
style.css,183,css,c050abd3,Ryotakemuraryo,2025-05-01,22:06:39,-07:00,2025-05-01T22:06:39-07:00,0,17
style.css,184,css,c050abd3,Ryotakemuraryo,2025-05-01,22:06:39,-07:00,2025-05-01T22:06:39-07:00,0,0
style.css,185,css,2e06663b,Ryotakemuraryo,2025-05-02,11:58:05,-07:00,2025-05-02T11:58:05-07:00,0,0
style.css,186,css,2e06663b,Ryotakemuraryo,2025-05-02,11:58:05,-07:00,2025-05-02T11:58:05-07:00,0,8
style.css,187,css,2e06663b,Ryotakemuraryo,2025-05-02,11:58:05,-07:00,2025-05-02T11:58:05-07:00,0,10
style.css,188,css,2e06663b,Ryotakemuraryo,2025-05-02,11:58:05,-07:00,2025-05-02T11:58:05-07:00,0,11
style.css,189,css,2e06663b,Ryotakemuraryo,2025-05-02,11:58:05,-07:00,2025-05-02T11:58:05-07:00,0,30
style.css,190,css,2e06663b,Ryotakemuraryo,2025-05-02,11:58:05,-07:00,2025-05-02T11:58:05-07:00,0,18
style.css,191,css,2e06663b,Ryotakemuraryo,2025-05-02,11:58:05,-07:00,2025-05-02T11:58:05-07:00,0,21
style.css,192,css,2e06663b,Ryotakemuraryo,2025-05-02,11:58:05,-07:00,2025-05-02T11:58:05-07:00,0,0
style.css,193,css,2e06663b,Ryotakemuraryo,2025-05-02,11:58:05,-07:00,2025-05-02T11:58:05-07:00,0,0
style.css,194,css,2e06663b,Ryotakemuraryo,2025-05-02,11:58:05,-07:00,2025-05-02T11:58:05-07:00,0,8
style.css,195,css,2e06663b,Ryotakemuraryo,2025-05-02,11:58:05,-07:00,2025-05-02T11:58:05-07:00,0,13
style.css,196,css,2e06663b,Ryotakemuraryo,2025-05-02,11:58:05,-07:00,2025-05-02T11:58:05-07:00,0,58
style.css,197,css,71a70770,Ryotakemuraryo,2025-05-02,12:15:00,-07:00,2025-05-02T12:15:00-07:00,0,22
style.css,198,css,3d64e583,Ryotakemuraryo,2025-05-02,14:24:47,-07:00,2025-05-02T14:24:47-07:00,0,7
style.css,199,css,badae870,Ryotakemuraryo,2025-05-02,14:42:58,-07:00,2025-05-02T14:42:58-07:00,0,14
style.css,200,css,badae870,Ryotakemuraryo,2025-05-02,14:42:58,-07:00,2025-05-02T14:42:58-07:00,0,12
style.css,201,css,748827d3,Ryotakemuraryo,2025-05-02,12:05:52,-07:00,2025-05-02T12:05:52-07:00,0,0
style.css,202,css,748827d3,Ryotakemuraryo,2025-05-02,12:05:52,-07:00,2025-05-02T12:05:52-07:00,0,0
style.css,203,css,748827d3,Ryotakemuraryo,2025-05-02,12:05:52,-07:00,2025-05-02T12:05:52-07:00,0,13
style.css,204,css,748827d3,Ryotakemuraryo,2025-05-02,12:05:52,-07:00,2025-05-02T12:05:52-07:00,0,13
style.css,205,css,9d848671,Ryotakemuraryo,2025-05-02,14:30:26,-07:00,2025-05-02T14:30:26-07:00,0,10
style.css,206,css,3d64e583,Ryotakemuraryo,2025-05-02,14:24:47,-07:00,2025-05-02T14:24:47-07:00,0,0
style.css,207,css,3d64e583,Ryotakemuraryo,2025-05-02,14:24:47,-07:00,2025-05-02T14:24:47-07:00,0,0
style.css,208,css,3d64e583,Ryotakemuraryo,2025-05-02,14:24:47,-07:00,2025-05-02T14:24:47-07:00,0,10
style.css,209,css,3d64e583,Ryotakemuraryo,2025-05-02,14:24:47,-07:00,2025-05-02T14:24:47-07:00,0,13
style.css,210,css,13aa5048,Ryotakemuraryo,2025-05-02,14:39:27,-07:00,2025-05-02T14:39:27-07:00,0,19
style.css,211,css,d78b9b26,Ryotakemuraryo,2025-05-02,14:36:44,-07:00,2025-05-02T14:36:44-07:00,0,8
style.css,212,css,acf3b6a8,Ryotakemuraryo,2025-05-02,15:39:54,-07:00,2025-05-02T15:39:54-07:00,0,0
style.css,213,css,acf3b6a8,Ryotakemuraryo,2025-05-02,15:39:54,-07:00,2025-05-02T15:39:54-07:00,0,0
style.css,214,css,acf3b6a8,Ryotakemuraryo,2025-05-02,15:39:54,-07:00,2025-05-02T15:39:54-07:00,0,11
style.css,215,css,279b6169,Ryotakemuraryo,2025-05-02,15:41:19,-07:00,2025-05-02T15:41:19-07:00,0,11
style.css,216,css,279b6169,Ryotakemuraryo,2025-05-02,15:41:19,-07:00,2025-05-02T15:41:19-07:00,0,14
style.css,217,css,279b6169,Ryotakemuraryo,2025-05-02,15:41:19,-07:00,2025-05-02T15:41:19-07:00,0,14
style.css,218,css,c6bdd4d9,Ryotakemuraryo,2025-05-02,15:48:46,-07:00,2025-05-02T15:48:46-07:00,0,13
style.css,219,css,279b6169,Ryotakemuraryo,2025-05-02,15:41:19,-07:00,2025-05-02T15:41:19-07:00,0,22
style.css,220,css,10629cca,Ryotakemuraryo,2025-05-02,17:40:14,-07:00,2025-05-02T17:40:14-07:00,0,0
style.css,221,css,10629cca,Ryotakemuraryo,2025-05-02,17:40:14,-07:00,2025-05-02T17:40:14-07:00,0,0
style.css,222,css,10629cca,Ryotakemuraryo,2025-05-02,17:40:14,-07:00,2025-05-02T17:40:14-07:00,0,20
style.css,223,css,10629cca,Ryotakemuraryo,2025-05-02,17:40:14,-07:00,2025-05-02T17:40:14-07:00,0,17
style.css,224,css,10629cca,Ryotakemuraryo,2025-05-02,17:40:14,-07:00,2025-05-02T17:40:14-07:00,0,12
style.css,225,css,10629cca,Ryotakemuraryo,2025-05-02,17:40:14,-07:00,2025-05-02T17:40:14-07:00,0,0
style.css,226,css,10629cca,Ryotakemuraryo,2025-05-02,17:40:14,-07:00,2025-05-02T17:40:14-07:00,0,0
style.css,227,css,10629cca,Ryotakemuraryo,2025-05-02,17:40:14,-07:00,2025-05-02T17:40:14-07:00,0,0
style.css,228,css,10629cca,Ryotakemuraryo,2025-05-02,17:40:14,-07:00,2025-05-02T17:40:14-07:00,0,5
style.css,229,css,10629cca,Ryotakemuraryo,2025-05-02,17:40:14,-07:00,2025-05-02T17:40:14-07:00,0,17
style.css,230,css,e0589bc6,Ryotakemuraryo,2025-05-02,18:00:49,-07:00,2025-05-02T18:00:49-07:00,0,0
style.css,231,css,e0589bc6,Ryotakemuraryo,2025-05-02,18:00:49,-07:00,2025-05-02T18:00:49-07:00,0,0
style.css,232,css,e0589bc6,Ryotakemuraryo,2025-05-02,18:00:49,-07:00,2025-05-02T18:00:49-07:00,0,10
style.css,233,css,e0589bc6,Ryotakemuraryo,2025-05-02,18:00:49,-07:00,2025-05-02T18:00:49-07:00,0,36
style.css,234,css,e0589bc6,Ryotakemuraryo,2025-05-02,18:00:49,-07:00,2025-05-02T18:00:49-07:00,0,0
style.css,235,css,e0589bc6,Ryotakemuraryo,2025-05-02,18:00:49,-07:00,2025-05-02T18:00:49-07:00,0,11
style.css,236,css,e0589bc6,Ryotakemuraryo,2025-05-02,18:00:49,-07:00,2025-05-02T18:00:49-07:00,0,18
style.css,237,css,e0589bc6,Ryotakemuraryo,2025-05-02,18:00:49,-07:00,2025-05-02T18:00:49-07:00,0,0
style.css,238,css,e0589bc6,Ryotakemuraryo,2025-05-02,18:00:49,-07:00,2025-05-02T18:00:49-07:00,0,0
style.css,239,css,e0589bc6,Ryotakemuraryo,2025-05-02,18:00:49,-07:00,2025-05-02T18:00:49-07:00,0,0
style.css,240,css,e0589bc6,Ryotakemuraryo,2025-05-02,18:00:49,-07:00,2025-05-02T18:00:49-07:00,0,33
style.css,241,css,e0589bc6,Ryotakemuraryo,2025-05-02,18:00:49,-07:00,2025-05-02T18:00:49-07:00,0,12
style.css,242,css,e0589bc6,Ryotakemuraryo,2025-05-02,18:00:49,-07:00,2025-05-02T18:00:49-07:00,0,0
style.css,243,css,e0589bc6,Ryotakemuraryo,2025-05-02,18:00:49,-07:00,2025-05-02T18:00:49-07:00,0,0
style.css,244,css,e0589bc6,Ryotakemuraryo,2025-05-02,18:00:49,-07:00,2025-05-02T18:00:49-07:00,0,37
style.css,245,css,e0589bc6,Ryotakemuraryo,2025-05-02,18:00:49,-07:00,2025-05-02T18:00:49-07:00,0,13
style.css,246,css,c28e715e,Ryotakemuraryo,2025-05-02,18:14:43,-07:00,2025-05-02T18:14:43-07:00,0,15
style.css,247,css,e0589bc6,Ryotakemuraryo,2025-05-02,18:00:49,-07:00,2025-05-02T18:00:49-07:00,0,0
index.html,1,html,394dcbbe,Ryotakemuraryo,2025-04-03,19:45:00,-07:00,2025-04-03T19:45:00-07:00,0,14
index.html,2,html,394dcbbe,Ryotakemuraryo,2025-04-03,19:45:00,-07:00,2025-04-03T19:45:00-07:00,0,15
index.html,3,html,394dcbbe,Ryotakemuraryo,2025-04-03,19:45:00,-07:00,2025-04-03T19:45:00-07:00,0,5
index.html,4,html,58e8118a,Ryotakemuraryo,2025-04-03,20:04:49,-07:00,2025-04-03T20:04:49-07:00,0,41
index.html,5,html,382ffab5,Ryotakemuraryo,2025-04-17,12:21:04,-07:00,2025-04-17T12:21:04-07:00,0,46
index.html,6,html,3318ca81,Ryotakemuraryo,2025-04-24,16:26:12,-07:00,2025-04-24T16:26:12-07:00,0,60
index.html,7,html,394dcbbe,Ryotakemuraryo,2025-04-03,19:45:00,-07:00,2025-04-03T19:45:00-07:00,0,21
index.html,8,html,394dcbbe,Ryotakemuraryo,2025-04-03,19:45:00,-07:00,2025-04-03T19:45:00-07:00,0,69
index.html,9,html,394dcbbe,Ryotakemuraryo,2025-04-03,19:45:00,-07:00,2025-04-03T19:45:00-07:00,0,56
index.html,10,html,394dcbbe,Ryotakemuraryo,2025-04-03,19:45:00,-07:00,2025-04-03T19:45:00-07:00,0,6
index.html,11,html,394dcbbe,Ryotakemuraryo,2025-04-03,19:45:00,-07:00,2025-04-03T19:45:00-07:00,0,5
index.html,12,html,b6c04f6d,Ryotakemuraryo,2025-04-17,16:22:26,-07:00,2025-04-17T16:22:26-07:00,0,12
index.html,13,html,1ddc7f0d,Ryotakemuraryo,2025-04-17,15:33:09,-07:00,2025-04-17T15:33:09-07:00,0,25
index.html,14,html,1ddc7f0d,Ryotakemuraryo,2025-04-17,15:33:09,-07:00,2025-04-17T15:33:09-07:00,0,43
index.html,15,html,1ddc7f0d,Ryotakemuraryo,2025-04-17,15:33:09,-07:00,2025-04-17T15:33:09-07:00,0,35
index.html,16,html,1ddc7f0d,Ryotakemuraryo,2025-04-17,15:33:09,-07:00,2025-04-17T15:33:09-07:00,0,33
index.html,17,html,1ddc7f0d,Ryotakemuraryo,2025-04-17,15:33:09,-07:00,2025-04-17T15:33:09-07:00,0,7
index.html,18,html,b6c04f6d,Ryotakemuraryo,2025-04-17,16:22:26,-07:00,2025-04-17T16:22:26-07:00,0,12
index.html,19,html,f5a1d8a7,Ryotakemuraryo,2025-04-17,13:19:31,-07:00,2025-04-17T13:19:31-07:00,0,9
index.html,20,html,224dc807,Ryotakemuraryo,2025-04-03,20:31:41,-07:00,2025-04-03T20:31:41-07:00,0,3
index.html,21,html,daf5db64,Ryotakemuraryo,2025-04-17,12:59:55,-07:00,2025-04-17T12:59:55-07:00,0,37
index.html,22,html,259762b3,Ryotakemuraryo,2025-04-03,20:39:08,-07:00,2025-04-03T20:39:08-07:00,0,50
index.html,23,html,259762b3,Ryotakemuraryo,2025-04-03,20:39:08,-07:00,2025-04-03T20:39:08-07:00,0,48
index.html,24,html,224dc807,Ryotakemuraryo,2025-04-03,20:31:41,-07:00,2025-04-03T20:31:41-07:00,0,79
index.html,25,html,9f187cde,Ryotakemuraryo,2025-04-04,15:07:51,-07:00,2025-04-04T15:07:51-07:00,0,32
index.html,26,html,224dc807,Ryotakemuraryo,2025-04-03,20:31:41,-07:00,2025-04-03T20:31:41-07:00,0,4
index.html,27,html,f5a1d8a7,Ryotakemuraryo,2025-04-17,13:19:31,-07:00,2025-04-17T13:19:31-07:00,0,9
index.html,28,html,394dcbbe,Ryotakemuraryo,2025-04-03,19:45:00,-07:00,2025-04-03T19:45:00-07:00,0,22
index.html,29,html,566bf1f9,Ryotakemuraryo,2025-04-08,20:44:51,-07:00,2025-04-08T20:44:51-07:00,0,108
index.html,30,html,566bf1f9,Ryotakemuraryo,2025-04-08,20:44:51,-07:00,2025-04-08T20:44:51-07:00,0,98
index.html,31,html,22703cb6,Ryotakemuraryo,2025-04-03,19:56:46,-07:00,2025-04-03T19:56:46-07:00,0,53
index.html,32,html,3318ca81,Ryotakemuraryo,2025-04-24,16:26:12,-07:00,2025-04-24T16:26:12-07:00,0,0
index.html,33,html,3318ca81,Ryotakemuraryo,2025-04-24,16:26:12,-07:00,2025-04-24T16:26:12-07:00,0,23
index.html,34,html,3318ca81,Ryotakemuraryo,2025-04-24,16:26:12,-07:00,2025-04-24T16:26:12-07:00,0,21
index.html,35,html,3318ca81,Ryotakemuraryo,2025-04-24,16:26:12,-07:00,2025-04-24T16:26:12-07:00,0,50
index.html,36,html,3318ca81,Ryotakemuraryo,2025-04-24,16:26:12,-07:00,2025-04-24T16:26:12-07:00,0,5
index.html,37,html,d4a45a53,Ryotakemuraryo,2025-04-25,11:17:39,-07:00,2025-04-25T11:17:39-07:00,0,3
index.html,38,html,d4a45a53,Ryotakemuraryo,2025-04-25,11:17:39,-07:00,2025-04-25T11:17:39-07:00,0,23
index.html,39,html,d4a45a53,Ryotakemuraryo,2025-04-25,11:17:39,-07:00,2025-04-25T11:17:39-07:00,0,23
index.html,40,html,d4a45a53,Ryotakemuraryo,2025-04-25,11:17:39,-07:00,2025-04-25T11:17:39-07:00,0,5
index.html,41,html,394dcbbe,Ryotakemuraryo,2025-04-03,19:45:00,-07:00,2025-04-03T19:45:00-07:00,0,6
index.html,42,html,394dcbbe,Ryotakemuraryo,2025-04-03,19:45:00,-07:00,2025-04-03T19:45:00-07:00,0,6
global.js,1,js,382ffab5,Ryotakemuraryo,2025-04-17,12:21:04,-07:00,2025-04-17T12:21:04-07:00,0,26
global.js,2,js,382ffab5,Ryotakemuraryo,2025-04-17,12:21:04,-07:00,2025-04-17T12:21:04-07:00,0,0
global.js,3,js,382ffab5,Ryotakemuraryo,2025-04-17,12:21:04,-07:00,2025-04-17T12:21:04-07:00,0,42
global.js,4,js,382ffab5,Ryotakemuraryo,2025-04-17,12:21:04,-07:00,2025-04-17T12:21:04-07:00,0,53
global.js,5,js,daf5db64,Ryotakemuraryo,2025-04-17,12:59:55,-07:00,2025-04-17T12:59:55-07:00,0,0
global.js,6,js,daf5db64,Ryotakemuraryo,2025-04-17,12:59:55,-07:00,2025-04-17T12:59:55-07:00,0,0
global.js,7,js,f5a1d8a7,Ryotakemuraryo,2025-04-17,13:19:31,-07:00,2025-04-17T13:19:31-07:00,0,30
global.js,8,js,daf5db64,Ryotakemuraryo,2025-04-17,12:59:55,-07:00,2025-04-17T12:59:55-07:00,0,0
global.js,9,js,f5a1d8a7,Ryotakemuraryo,2025-04-17,13:19:31,-07:00,2025-04-17T13:19:31-07:00,0,34
global.js,10,js,f5a1d8a7,Ryotakemuraryo,2025-04-17,13:19:31,-07:00,2025-04-17T13:19:31-07:00,0,74
global.js,11,js,f5a1d8a7,Ryotakemuraryo,2025-04-17,13:19:31,-07:00,2025-04-17T13:19:31-07:00,0,4
global.js,12,js,f5a1d8a7,Ryotakemuraryo,2025-04-17,13:19:31,-07:00,2025-04-17T13:19:31-07:00,0,0
global.js,13,js,f5a1d8a7,Ryotakemuraryo,2025-04-17,13:19:31,-07:00,2025-04-17T13:19:31-07:00,0,20
global.js,14,js,f5a1d8a7,Ryotakemuraryo,2025-04-17,13:19:31,-07:00,2025-04-17T13:19:31-07:00,0,42
global.js,15,js,f5a1d8a7,Ryotakemuraryo,2025-04-17,13:19:31,-07:00,2025-04-17T13:19:31-07:00,0,98
global.js,16,js,f5a1d8a7,Ryotakemuraryo,2025-04-17,13:19:31,-07:00,2025-04-17T13:19:31-07:00,0,3
global.js,17,js,f5a1d8a7,Ryotakemuraryo,2025-04-17,13:19:31,-07:00,2025-04-17T13:19:31-07:00,0,0
global.js,18,js,81ae3626,Ryotakemuraryo,2025-04-17,13:45:29,-07:00,2025-04-17T13:45:29-07:00,0,89
global.js,19,js,81ae3626,Ryotakemuraryo,2025-04-17,13:45:29,-07:00,2025-04-17T13:45:29-07:00,0,88
global.js,20,js,04373758,Ryotakemuraryo,2025-05-06,19:17:26,-07:00,2025-05-06T19:17:26-07:00,0,59
global.js,21,js,81ae3626,Ryotakemuraryo,2025-04-17,13:45:29,-07:00,2025-04-17T13:45:29-07:00,0,0
global.js,22,js,81ae3626,Ryotakemuraryo,2025-04-17,13:45:29,-07:00,2025-04-17T13:45:29-07:00,0,0
global.js,23,js,f5a1d8a7,Ryotakemuraryo,2025-04-17,13:19:31,-07:00,2025-04-17T13:19:31-07:00,0,12
global.js,24,js,f5a1d8a7,Ryotakemuraryo,2025-04-17,13:19:31,-07:00,2025-04-17T13:19:31-07:00,0,26
global.js,25,js,f5a1d8a7,Ryotakemuraryo,2025-04-17,13:19:31,-07:00,2025-04-17T13:19:31-07:00,0,39
global.js,26,js,f5a1d8a7,Ryotakemuraryo,2025-04-17,13:19:31,-07:00,2025-04-17T13:19:31-07:00,0,37
global.js,27,js,f5a1d8a7,Ryotakemuraryo,2025-04-17,13:19:31,-07:00,2025-04-17T13:19:31-07:00,0,60
global.js,28,js,de57ab88,Ryotakemuraryo,2025-05-08,22:21:33,-07:00,2025-05-08T22:21:33-07:00,0,30
global.js,29,js,f5a1d8a7,Ryotakemuraryo,2025-04-17,13:19:31,-07:00,2025-04-17T13:19:31-07:00,0,29
global.js,30,js,f5a1d8a7,Ryotakemuraryo,2025-04-17,13:19:31,-07:00,2025-04-17T13:19:31-07:00,0,33
global.js,31,js,f5a1d8a7,Ryotakemuraryo,2025-04-17,13:19:31,-07:00,2025-04-17T13:19:31-07:00,0,1
global.js,32,js,f5a1d8a7,Ryotakemuraryo,2025-04-17,13:19:31,-07:00,2025-04-17T13:19:31-07:00,0,0
global.js,33,js,f5a1d8a7,Ryotakemuraryo,2025-04-17,13:19:31,-07:00,2025-04-17T13:19:31-07:00,0,39
global.js,34,js,f5a1d8a7,Ryotakemuraryo,2025-04-17,13:19:31,-07:00,2025-04-17T13:19:31-07:00,0,26
global.js,35,js,f5a1d8a7,Ryotakemuraryo,2025-04-17,13:19:31,-07:00,2025-04-17T13:19:31-07:00,0,0
global.js,36,js,f5a1d8a7,Ryotakemuraryo,2025-04-17,13:19:31,-07:00,2025-04-17T13:19:31-07:00,0,21
global.js,37,js,f5a1d8a7,Ryotakemuraryo,2025-04-17,13:19:31,-07:00,2025-04-17T13:19:31-07:00,0,15
global.js,38,js,f5a1d8a7,Ryotakemuraryo,2025-04-17,13:19:31,-07:00,2025-04-17T13:19:31-07:00,0,19
global.js,39,js,f5a1d8a7,Ryotakemuraryo,2025-04-17,13:19:31,-07:00,2025-04-17T13:19:31-07:00,0,42
global.js,40,js,81ae3626,Ryotakemuraryo,2025-04-17,13:45:29,-07:00,2025-04-17T13:45:29-07:00,0,29
global.js,41,js,81ae3626,Ryotakemuraryo,2025-04-17,13:45:29,-07:00,2025-04-17T13:45:29-07:00,0,21
global.js,42,js,81ae3626,Ryotakemuraryo,2025-04-17,13:45:29,-07:00,2025-04-17T13:45:29-07:00,0,0
global.js,43,js,b9ad495b,Ryotakemuraryo,2025-04-17,14:46:07,-07:00,2025-04-17T14:46:07-07:00,0,0
global.js,44,js,b9ad495b,Ryotakemuraryo,2025-04-17,14:46:07,-07:00,2025-04-17T14:46:07-07:00,0,35
global.js,45,js,b9ad495b,Ryotakemuraryo,2025-04-17,14:46:07,-07:00,2025-04-17T14:46:07-07:00,0,12
global.js,46,js,b9ad495b,Ryotakemuraryo,2025-04-17,14:46:07,-07:00,2025-04-17T14:46:07-07:00,0,21
global.js,47,js,4235d061,Ryotakemuraryo,2025-04-17,14:56:16,-07:00,2025-04-17T14:56:16-07:00,0,0
global.js,48,js,4235d061,Ryotakemuraryo,2025-04-17,14:56:16,-07:00,2025-04-17T14:56:16-07:00,0,66
global.js,49,js,4235d061,Ryotakemuraryo,2025-04-17,14:56:16,-07:00,2025-04-17T14:56:16-07:00,0,26
global.js,50,js,4235d061,Ryotakemuraryo,2025-04-17,14:56:16,-07:00,2025-04-17T14:56:16-07:00,0,0
global.js,51,js,4235d061,Ryotakemuraryo,2025-04-17,14:56:16,-07:00,2025-04-17T14:56:16-07:00,0,0
global.js,52,js,4235d061,Ryotakemuraryo,2025-04-17,14:56:16,-07:00,2025-04-17T14:56:16-07:00,0,30
global.js,53,js,4235d061,Ryotakemuraryo,2025-04-17,14:56:16,-07:00,2025-04-17T14:56:16-07:00,0,17
global.js,54,js,4235d061,Ryotakemuraryo,2025-04-17,14:56:16,-07:00,2025-04-17T14:56:16-07:00,0,0
global.js,55,js,4235d061,Ryotakemuraryo,2025-04-17,14:56:16,-07:00,2025-04-17T14:56:16-07:00,0,0
global.js,56,js,b9ad495b,Ryotakemuraryo,2025-04-17,14:46:07,-07:00,2025-04-17T14:46:07-07:00,0,13
global.js,57,js,f5a1d8a7,Ryotakemuraryo,2025-04-17,13:19:31,-07:00,2025-04-17T13:19:31-07:00,0,0
global.js,58,js,daf5db64,Ryotakemuraryo,2025-04-17,12:59:55,-07:00,2025-04-17T12:59:55-07:00,0,0
global.js,59,js,81ae3626,Ryotakemuraryo,2025-04-17,13:45:29,-07:00,2025-04-17T13:45:29-07:00,0,0
global.js,60,js,e27f186c,Ryotakemuraryo,2025-04-17,16:08:51,-07:00,2025-04-17T16:08:51-07:00,0,32
global.js,61,js,e27f186c,Ryotakemuraryo,2025-04-17,16:08:51,-07:00,2025-04-17T16:08:51-07:00,0,12
global.js,62,js,e27f186c,Ryotakemuraryo,2025-04-17,16:08:51,-07:00,2025-04-17T16:08:51-07:00,0,0
global.js,63,js,e27f186c,Ryotakemuraryo,2025-04-17,16:08:51,-07:00,2025-04-17T16:08:51-07:00,0,27
global.js,64,js,e27f186c,Ryotakemuraryo,2025-04-17,16:08:51,-07:00,2025-04-17T16:08:51-07:00,0,5
global.js,65,js,e27f186c,Ryotakemuraryo,2025-04-17,16:08:51,-07:00,2025-04-17T16:08:51-07:00,0,7
global.js,66,js,e27f186c,Ryotakemuraryo,2025-04-17,16:08:51,-07:00,2025-04-17T16:08:51-07:00,0,39
global.js,67,js,e27f186c,Ryotakemuraryo,2025-04-17,16:08:51,-07:00,2025-04-17T16:08:51-07:00,3,35
global.js,68,js,e27f186c,Ryotakemuraryo,2025-04-17,16:08:51,-07:00,2025-04-17T16:08:51-07:00,3,33
global.js,69,js,e27f186c,Ryotakemuraryo,2025-04-17,16:08:51,-07:00,2025-04-17T16:08:51-07:00,0,8
global.js,70,js,e27f186c,Ryotakemuraryo,2025-04-17,16:08:51,-07:00,2025-04-17T16:08:51-07:00,0,9
global.js,71,js,e27f186c,Ryotakemuraryo,2025-04-17,16:08:51,-07:00,2025-04-17T16:08:51-07:00,0,1
global.js,72,js,cad1a1c1,Ryotakemuraryo,2025-04-17,16:33:06,-07:00,2025-04-17T16:33:06-07:00,0,0
global.js,73,js,df1dd2d9,Ryotakemuraryo,2025-04-17,16:38:17,-07:00,2025-04-17T16:38:17-07:00,0,60
global.js,74,js,cad1a1c1,Ryotakemuraryo,2025-04-17,16:33:06,-07:00,2025-04-17T16:33:06-07:00,0,0
global.js,75,js,cd86ad19,Ryotakemuraryo,2025-04-18,10:50:31,-07:00,2025-04-18T10:50:31-07:00,0,34
global.js,76,js,cd86ad19,Ryotakemuraryo,2025-04-18,10:50:31,-07:00,2025-04-18T10:50:31-07:00,0,38
global.js,77,js,cd86ad19,Ryotakemuraryo,2025-04-18,10:50:31,-07:00,2025-04-18T10:50:31-07:00,0,65
global.js,78,js,cd86ad19,Ryotakemuraryo,2025-04-18,10:50:31,-07:00,2025-04-18T10:50:31-07:00,0,20
global.js,79,js,cd86ad19,Ryotakemuraryo,2025-04-18,10:50:31,-07:00,2025-04-18T10:50:31-07:00,0,0
global.js,80,js,cd86ad19,Ryotakemuraryo,2025-04-18,10:50:31,-07:00,2025-04-18T10:50:31-07:00,0,0
global.js,81,js,cad1a1c1,Ryotakemuraryo,2025-04-17,16:33:06,-07:00,2025-04-17T16:33:06-07:00,0,50
global.js,82,js,cad1a1c1,Ryotakemuraryo,2025-04-17,16:33:06,-07:00,2025-04-17T16:33:06-07:00,0,58
global.js,83,js,df1dd2d9,Ryotakemuraryo,2025-04-17,16:38:17,-07:00,2025-04-17T16:38:17-07:00,0,78
global.js,84,js,cd86ad19,Ryotakemuraryo,2025-04-18,10:50:31,-07:00,2025-04-18T10:50:31-07:00,0,44
global.js,85,js,cad1a1c1,Ryotakemuraryo,2025-04-17,16:33:06,-07:00,2025-04-17T16:33:06-07:00,0,2
global.js,86,js,d562d4ce,Ryotakemuraryo,2025-04-17,16:35:33,-07:00,2025-04-17T16:35:33-07:00,0,0
global.js,87,js,901ce6ce,Ryotakemuraryo,2025-04-18,11:52:33,-07:00,2025-04-18T11:52:33-07:00,0,42
global.js,88,js,901ce6ce,Ryotakemuraryo,2025-04-18,11:52:33,-07:00,2025-04-18T11:52:33-07:00,0,49
global.js,89,js,901ce6ce,Ryotakemuraryo,2025-04-18,11:52:33,-07:00,2025-04-18T11:52:33-07:00,0,22
global.js,90,js,901ce6ce,Ryotakemuraryo,2025-04-18,11:52:33,-07:00,2025-04-18T11:52:33-07:00,0,31
global.js,91,js,777b283b,Ryotakemuraryo,2025-04-18,17:23:35,-07:00,2025-04-18T17:23:35-07:00,0,17
global.js,92,js,901ce6ce,Ryotakemuraryo,2025-04-18,11:52:33,-07:00,2025-04-18T11:52:33-07:00,0,32
global.js,93,js,901ce6ce,Ryotakemuraryo,2025-04-18,11:52:33,-07:00,2025-04-18T11:52:33-07:00,0,32
global.js,94,js,777b283b,Ryotakemuraryo,2025-04-18,17:23:35,-07:00,2025-04-18T17:23:35-07:00,0,51
global.js,95,js,901ce6ce,Ryotakemuraryo,2025-04-18,11:52:33,-07:00,2025-04-18T11:52:33-07:00,0,0
global.js,96,js,777b283b,Ryotakemuraryo,2025-04-18,17:23:35,-07:00,2025-04-18T17:23:35-07:00,0,62
global.js,97,js,44d118c1,Ryotakemuraryo,2025-04-18,11:55:21,-07:00,2025-04-18T11:55:21-07:00,0,29
global.js,98,js,901ce6ce,Ryotakemuraryo,2025-04-18,11:52:33,-07:00,2025-04-18T11:52:33-07:00,0,2
global.js,99,js,df1dd2d9,Ryotakemuraryo,2025-04-17,16:38:17,-07:00,2025-04-17T16:38:17-07:00,0,0
global.js,100,js,d562d4ce,Ryotakemuraryo,2025-04-17,16:35:33,-07:00,2025-04-17T16:35:33-07:00,0,0
global.js,101,js,0b5f915a,Ryotakemuraryo,2025-04-24,13:34:58,-07:00,2025-04-24T13:34:58-07:00,0,37
global.js,102,js,0b5f915a,Ryotakemuraryo,2025-04-24,13:34:58,-07:00,2025-04-24T13:34:58-07:00,0,4
global.js,103,js,017af9af,Ryotakemuraryo,2025-04-25,13:51:01,-07:00,2025-04-25T13:51:01-07:00,0,72
global.js,104,js,0b5f915a,Ryotakemuraryo,2025-04-24,13:34:58,-07:00,2025-04-24T13:34:58-07:00,0,33
global.js,105,js,b587bb28,Ryotakemuraryo,2025-04-24,13:46:02,-07:00,2025-04-24T13:46:02-07:00,0,21
global.js,106,js,0b5f915a,Ryotakemuraryo,2025-04-24,13:34:58,-07:00,2025-04-24T13:34:58-07:00,0,18
global.js,107,js,0b5f915a,Ryotakemuraryo,2025-04-24,13:34:58,-07:00,2025-04-24T13:34:58-07:00,0,67
global.js,108,js,0b5f915a,Ryotakemuraryo,2025-04-24,13:34:58,-07:00,2025-04-24T13:34:58-07:00,0,0
global.js,109,js,3ad84785,Ryotakemuraryo,2025-04-24,15:11:08,-07:00,2025-04-24T15:11:08-07:00,0,34
global.js,110,js,3ad84785,Ryotakemuraryo,2025-04-24,15:11:08,-07:00,2025-04-24T15:11:08-07:00,0,11
global.js,111,js,0b5f915a,Ryotakemuraryo,2025-04-24,13:34:58,-07:00,2025-04-24T13:34:58-07:00,0,16
global.js,112,js,0b5f915a,Ryotakemuraryo,2025-04-24,13:34:58,-07:00,2025-04-24T13:34:58-07:00,0,60
global.js,113,js,0b5f915a,Ryotakemuraryo,2025-04-24,13:34:58,-07:00,2025-04-24T13:34:58-07:00,0,0
global.js,114,js,0b5f915a,Ryotakemuraryo,2025-04-24,13:34:58,-07:00,2025-04-24T13:34:58-07:00,0,0
global.js,115,js,121a5c31,Ryotakemuraryo,2025-04-24,14:02:00,-07:00,2025-04-24T14:02:00-07:00,0,28
global.js,116,js,0b5f915a,Ryotakemuraryo,2025-04-24,13:34:58,-07:00,2025-04-24T13:34:58-07:00,0,0
global.js,117,js,3ad84785,Ryotakemuraryo,2025-04-24,15:11:08,-07:00,2025-04-24T15:11:08-07:00,0,0
global.js,118,js,3ad84785,Ryotakemuraryo,2025-04-24,15:11:08,-07:00,2025-04-24T15:11:08-07:00,0,77
global.js,119,js,3ad84785,Ryotakemuraryo,2025-04-24,15:11:08,-07:00,2025-04-24T15:11:08-07:00,0,24
global.js,120,js,3ad84785,Ryotakemuraryo,2025-04-24,15:11:08,-07:00,2025-04-24T15:11:08-07:00,0,88
global.js,121,js,3ad84785,Ryotakemuraryo,2025-04-24,15:11:08,-07:00,2025-04-24T15:11:08-07:00,0,23
global.js,122,js,3ad84785,Ryotakemuraryo,2025-04-24,15:11:08,-07:00,2025-04-24T15:11:08-07:00,0,49
global.js,123,js,3ad84785,Ryotakemuraryo,2025-04-24,15:11:08,-07:00,2025-04-24T15:11:08-07:00,0,20
global.js,124,js,3ad84785,Ryotakemuraryo,2025-04-24,15:11:08,-07:00,2025-04-24T15:11:08-07:00,0,44
global.js,125,js,3ad84785,Ryotakemuraryo,2025-04-24,15:11:08,-07:00,2025-04-24T15:11:08-07:00,0,38
global.js,126,js,db447075,Ryotakemuraryo,2025-05-01,21:14:43,-07:00,2025-05-01T21:14:43-07:00,0,25
global.js,127,js,db447075,Ryotakemuraryo,2025-05-01,21:14:43,-07:00,2025-05-01T21:14:43-07:00,0,22
global.js,128,js,db447075,Ryotakemuraryo,2025-05-01,21:14:43,-07:00,2025-05-01T21:14:43-07:00,0,40
global.js,129,js,db447075,Ryotakemuraryo,2025-05-01,21:14:43,-07:00,2025-05-01T21:14:43-07:00,0,5
global.js,130,js,db447075,Ryotakemuraryo,2025-05-01,21:14:43,-07:00,2025-05-01T21:14:43-07:00,0,1
global.js,131,js,3ad84785,Ryotakemuraryo,2025-04-24,15:11:08,-07:00,2025-04-24T15:11:08-07:00,0,37
global.js,132,js,db447075,Ryotakemuraryo,2025-05-01,21:14:43,-07:00,2025-05-01T21:14:43-07:00,0,0
global.js,133,js,db447075,Ryotakemuraryo,2025-05-01,21:14:43,-07:00,2025-05-01T21:14:43-07:00,0,0
global.js,134,js,0df5359c,Ryotakemuraryo,2025-04-24,15:31:57,-07:00,2025-04-24T15:31:57-07:00,0,0
global.js,135,js,56dc6492,Ryotakemuraryo,2025-04-24,22:37:34,-07:00,2025-04-24T22:37:34-07:00,0,0
global.js,136,js,56dc6492,Ryotakemuraryo,2025-04-24,22:37:34,-07:00,2025-04-24T22:37:34-07:00,0,0
global.js,137,js,3385e234,Ryotakemuraryo,2025-04-25,11:35:48,-07:00,2025-04-25T11:35:48-07:00,0,48
global.js,138,js,56dc6492,Ryotakemuraryo,2025-04-24,22:37:34,-07:00,2025-04-24T22:37:34-07:00,0,23
global.js,139,js,56dc6492,Ryotakemuraryo,2025-04-24,22:37:34,-07:00,2025-04-24T22:37:34-07:00,0,60
global.js,140,js,56dc6492,Ryotakemuraryo,2025-04-24,22:37:34,-07:00,2025-04-24T22:37:34-07:00,0,0
global.js,141,js,56dc6492,Ryotakemuraryo,2025-04-24,22:37:34,-07:00,2025-04-24T22:37:34-07:00,0,0
cv.html,1,html,9f187cde,Ryotakemuraryo,2025-04-04,15:07:51,-07:00,2025-04-04T15:07:51-07:00,0,14
cv.html,2,html,9f187cde,Ryotakemuraryo,2025-04-04,15:07:51,-07:00,2025-04-04T15:07:51-07:00,0,15
cv.html,3,html,9f187cde,Ryotakemuraryo,2025-04-04,15:07:51,-07:00,2025-04-04T15:07:51-07:00,0,5
cv.html,4,html,2fc25a3e,Ryotakemuraryo,2025-04-08,23:04:33,-07:00,2025-04-08T23:04:33-07:00,0,41
cv.html,5,html,382ffab5,Ryotakemuraryo,2025-04-17,12:21:04,-07:00,2025-04-17T12:21:04-07:00,0,46
cv.html,6,html,9f187cde,Ryotakemuraryo,2025-04-04,15:07:51,-07:00,2025-04-04T15:07:51-07:00,0,21
cv.html,7,html,9f187cde,Ryotakemuraryo,2025-04-04,15:07:51,-07:00,2025-04-04T15:07:51-07:00,0,69
cv.html,8,html,9f187cde,Ryotakemuraryo,2025-04-04,15:07:51,-07:00,2025-04-04T15:07:51-07:00,0,16
cv.html,9,html,9f187cde,Ryotakemuraryo,2025-04-04,15:07:51,-07:00,2025-04-04T15:07:51-07:00,0,6
cv.html,10,html,9f187cde,Ryotakemuraryo,2025-04-04,15:07:51,-07:00,2025-04-04T15:07:51-07:00,0,5
cv.html,11,html,f5a1d8a7,Ryotakemuraryo,2025-04-17,13:19:31,-07:00,2025-04-17T13:19:31-07:00,0,9
cv.html,12,html,9f187cde,Ryotakemuraryo,2025-04-04,15:07:51,-07:00,2025-04-04T15:07:51-07:00,0,3
cv.html,13,html,9f187cde,Ryotakemuraryo,2025-04-04,15:07:51,-07:00,2025-04-04T15:07:51-07:00,0,37
cv.html,14,html,9f187cde,Ryotakemuraryo,2025-04-04,15:07:51,-07:00,2025-04-04T15:07:51-07:00,0,50
cv.html,15,html,9f187cde,Ryotakemuraryo,2025-04-04,15:07:51,-07:00,2025-04-04T15:07:51-07:00,0,48
cv.html,16,html,9f187cde,Ryotakemuraryo,2025-04-04,15:07:51,-07:00,2025-04-04T15:07:51-07:00,0,79
cv.html,17,html,daf5db64,Ryotakemuraryo,2025-04-17,12:59:55,-07:00,2025-04-17T12:59:55-07:00,0,32
cv.html,18,html,9f187cde,Ryotakemuraryo,2025-04-04,15:07:51,-07:00,2025-04-04T15:07:51-07:00,0,4
cv.html,19,html,f5a1d8a7,Ryotakemuraryo,2025-04-17,13:19:31,-07:00,2025-04-17T13:19:31-07:00,0,9
cv.html,20,html,9f187cde,Ryotakemuraryo,2025-04-04,15:07:51,-07:00,2025-04-04T15:07:51-07:00,0,7
cv.html,21,html,9f187cde,Ryotakemuraryo,2025-04-04,15:07:51,-07:00,2025-04-04T15:07:51-07:00,0,22
cv.html,22,html,137d593c,Ryotakemuraryo,2025-04-11,12:13:45,-07:00,2025-04-11T12:13:45-07:00,0,35
cv.html,23,html,137d593c,Ryotakemuraryo,2025-04-11,12:13:45,-07:00,2025-04-11T12:13:45-07:00,0,49
cv.html,24,html,137d593c,Ryotakemuraryo,2025-04-11,12:13:45,-07:00,2025-04-11T12:13:45-07:00,0,3
cv.html,25,html,137d593c,Ryotakemuraryo,2025-04-11,12:13:45,-07:00,2025-04-11T12:13:45-07:00,0,0
cv.html,26,html,48431184,Ryotakemuraryo,2025-04-11,11:47:20,-07:00,2025-04-11T11:47:20-07:00,0,72
cv.html,27,html,9f187cde,Ryotakemuraryo,2025-04-04,15:07:51,-07:00,2025-04-04T15:07:51-07:00,0,8
cv.html,28,html,9f187cde,Ryotakemuraryo,2025-04-04,15:07:51,-07:00,2025-04-04T15:07:51-07:00,0,0
cv.html,29,html,9f187cde,Ryotakemuraryo,2025-04-04,15:07:51,-07:00,2025-04-04T15:07:51-07:00,0,8
cv.html,30,html,6b1306f1,Ryotakemuraryo,2025-04-04,15:26:08,-07:00,2025-04-04T15:26:08-07:00,0,17
cv.html,31,html,9f187cde,Ryotakemuraryo,2025-04-04,15:07:51,-07:00,2025-04-04T15:07:51-07:00,0,3
cv.html,32,html,9f187cde,Ryotakemuraryo,2025-04-04,15:07:51,-07:00,2025-04-04T15:07:51-07:00,0,3
cv.html,33,html,9f187cde,Ryotakemuraryo,2025-04-04,15:07:51,-07:00,2025-04-04T15:07:51-07:00,0,56
cv.html,34,html,3191452a,Ryotakemuraryo,2025-05-06,19:20:56,-07:00,2025-05-06T19:20:56-07:00,0,60
cv.html,35,html,9f187cde,Ryotakemuraryo,2025-04-04,15:07:51,-07:00,2025-04-04T15:07:51-07:00,0,4
cv.html,36,html,9f187cde,Ryotakemuraryo,2025-04-04,15:07:51,-07:00,2025-04-04T15:07:51-07:00,0,3
cv.html,37,html,9f187cde,Ryotakemuraryo,2025-04-04,15:07:51,-07:00,2025-04-04T15:07:51-07:00,0,56
cv.html,38,html,9f187cde,Ryotakemuraryo,2025-04-04,15:07:51,-07:00,2025-04-04T15:07:51-07:00,0,57
cv.html,39,html,9f187cde,Ryotakemuraryo,2025-04-04,15:07:51,-07:00,2025-04-04T15:07:51-07:00,0,4
cv.html,40,html,9f187cde,Ryotakemuraryo,2025-04-04,15:07:51,-07:00,2025-04-04T15:07:51-07:00,0,3
cv.html,41,html,9f187cde,Ryotakemuraryo,2025-04-04,15:07:51,-07:00,2025-04-04T15:07:51-07:00,0,57
cv.html,42,html,9f187cde,Ryotakemuraryo,2025-04-04,15:07:51,-07:00,2025-04-04T15:07:51-07:00,0,41
cv.html,43,html,9f187cde,Ryotakemuraryo,2025-04-04,15:07:51,-07:00,2025-04-04T15:07:51-07:00,0,4
cv.html,44,html,9f187cde,Ryotakemuraryo,2025-04-04,15:07:51,-07:00,2025-04-04T15:07:51-07:00,0,4
cv.html,45,html,9f187cde,Ryotakemuraryo,2025-04-04,15:07:51,-07:00,2025-04-04T15:07:51-07:00,0,9
cv.html,46,html,9f187cde,Ryotakemuraryo,2025-04-04,15:07:51,-07:00,2025-04-04T15:07:51-07:00,0,0
cv.html,47,html,6b1306f1,Ryotakemuraryo,2025-04-04,15:26:08,-07:00,2025-04-04T15:26:08-07:00,0,8
cv.html,48,html,6b1306f1,Ryotakemuraryo,2025-04-04,15:26:08,-07:00,2025-04-04T15:26:08-07:00,0,18
cv.html,49,html,6b1306f1,Ryotakemuraryo,2025-04-04,15:26:08,-07:00,2025-04-04T15:26:08-07:00,0,3
cv.html,50,html,6b1306f1,Ryotakemuraryo,2025-04-04,15:26:08,-07:00,2025-04-04T15:26:08-07:00,0,3
cv.html,51,html,6b1306f1,Ryotakemuraryo,2025-04-04,15:26:08,-07:00,2025-04-04T15:26:08-07:00,0,56
cv.html,52,html,6b1306f1,Ryotakemuraryo,2025-04-04,15:26:08,-07:00,2025-04-04T15:26:08-07:00,0,67
cv.html,53,html,6b1306f1,Ryotakemuraryo,2025-04-04,15:26:08,-07:00,2025-04-04T15:26:08-07:00,0,4
cv.html,54,html,6b1306f1,Ryotakemuraryo,2025-04-04,15:26:08,-07:00,2025-04-04T15:26:08-07:00,0,3
cv.html,55,html,6b1306f1,Ryotakemuraryo,2025-04-04,15:26:08,-07:00,2025-04-04T15:26:08-07:00,0,57
cv.html,56,html,6b1306f1,Ryotakemuraryo,2025-04-04,15:26:08,-07:00,2025-04-04T15:26:08-07:00,0,41
cv.html,57,html,6b1306f1,Ryotakemuraryo,2025-04-04,15:26:08,-07:00,2025-04-04T15:26:08-07:00,0,4
cv.html,58,html,6b1306f1,Ryotakemuraryo,2025-04-04,15:26:08,-07:00,2025-04-04T15:26:08-07:00,0,4
cv.html,59,html,6b1306f1,Ryotakemuraryo,2025-04-04,15:26:08,-07:00,2025-04-04T15:26:08-07:00,0,9
cv.html,60,html,6b1306f1,Ryotakemuraryo,2025-04-04,15:26:08,-07:00,2025-04-04T15:26:08-07:00,0,8
cv.html,61,html,6b1306f1,Ryotakemuraryo,2025-04-04,15:26:08,-07:00,2025-04-04T15:26:08-07:00,0,14
cv.html,62,html,6b1306f1,Ryotakemuraryo,2025-04-04,15:26:08,-07:00,2025-04-04T15:26:08-07:00,0,3
cv.html,63,html,6b1306f1,Ryotakemuraryo,2025-04-04,15:26:08,-07:00,2025-04-04T15:26:08-07:00,0,3
cv.html,64,html,6b1306f1,Ryotakemuraryo,2025-04-04,15:26:08,-07:00,2025-04-04T15:26:08-07:00,0,48
cv.html,65,html,6b1306f1,Ryotakemuraryo,2025-04-04,15:26:08,-07:00,2025-04-04T15:26:08-07:00,0,16
cv.html,66,html,6b1306f1,Ryotakemuraryo,2025-04-04,15:26:08,-07:00,2025-04-04T15:26:08-07:00,0,4
cv.html,67,html,6b1306f1,Ryotakemuraryo,2025-04-04,15:26:08,-07:00,2025-04-04T15:26:08-07:00,0,3
cv.html,68,html,6b1306f1,Ryotakemuraryo,2025-04-04,15:26:08,-07:00,2025-04-04T15:26:08-07:00,0,49
cv.html,69,html,dac01a11,Ryotakemuraryo,2025-05-06,19:19:27,-07:00,2025-05-06T19:19:27-07:00,0,11
cv.html,70,html,6b1306f1,Ryotakemuraryo,2025-04-04,15:26:08,-07:00,2025-04-04T15:26:08-07:00,0,4
cv.html,71,html,6b1306f1,Ryotakemuraryo,2025-04-04,15:26:08,-07:00,2025-04-04T15:26:08-07:00,0,3
cv.html,72,html,3db6b800,Ryotakemuraryo,2025-04-11,12:32:35,-07:00,2025-04-11T12:32:35-07:00,0,12
cv.html,73,html,6b1306f1,Ryotakemuraryo,2025-04-04,15:26:08,-07:00,2025-04-04T15:26:08-07:00,0,27
cv.html,74,html,6b1306f1,Ryotakemuraryo,2025-04-04,15:26:08,-07:00,2025-04-04T15:26:08-07:00,0,4
cv.html,75,html,6b1306f1,Ryotakemuraryo,2025-04-04,15:26:08,-07:00,2025-04-04T15:26:08-07:00,0,4
cv.html,76,html,6b1306f1,Ryotakemuraryo,2025-04-04,15:26:08,-07:00,2025-04-04T15:26:08-07:00,0,9
cv.html,77,html,6b1306f1,Ryotakemuraryo,2025-04-04,15:26:08,-07:00,2025-04-04T15:26:08-07:00,0,8
cv.html,78,html,6b1306f1,Ryotakemuraryo,2025-04-04,15:26:08,-07:00,2025-04-04T15:26:08-07:00,0,14
cv.html,79,html,6b1306f1,Ryotakemuraryo,2025-04-04,15:26:08,-07:00,2025-04-04T15:26:08-07:00,0,3
cv.html,80,html,6b1306f1,Ryotakemuraryo,2025-04-04,15:26:08,-07:00,2025-04-04T15:26:08-07:00,0,3
cv.html,81,html,6b1306f1,Ryotakemuraryo,2025-04-04,15:26:08,-07:00,2025-04-04T15:26:08-07:00,0,56
cv.html,82,html,dac01a11,Ryotakemuraryo,2025-05-06,19:19:27,-07:00,2025-05-06T19:19:27-07:00,0,55
cv.html,83,html,6b1306f1,Ryotakemuraryo,2025-04-04,15:26:08,-07:00,2025-04-04T15:26:08-07:00,0,4
cv.html,84,html,6b1306f1,Ryotakemuraryo,2025-04-04,15:26:08,-07:00,2025-04-04T15:26:08-07:00,0,3
cv.html,85,html,6b1306f1,Ryotakemuraryo,2025-04-04,15:26:08,-07:00,2025-04-04T15:26:08-07:00,0,56
cv.html,86,html,6b1306f1,Ryotakemuraryo,2025-04-04,15:26:08,-07:00,2025-04-04T15:26:08-07:00,0,33
cv.html,87,html,6b1306f1,Ryotakemuraryo,2025-04-04,15:26:08,-07:00,2025-04-04T15:26:08-07:00,0,4
cv.html,88,html,6b1306f1,Ryotakemuraryo,2025-04-04,15:26:08,-07:00,2025-04-04T15:26:08-07:00,0,3
cv.html,89,html,6b1306f1,Ryotakemuraryo,2025-04-04,15:26:08,-07:00,2025-04-04T15:26:08-07:00,0,46
cv.html,90,html,6b1306f1,Ryotakemuraryo,2025-04-04,15:26:08,-07:00,2025-04-04T15:26:08-07:00,0,50
cv.html,91,html,6b1306f1,Ryotakemuraryo,2025-04-04,15:26:08,-07:00,2025-04-04T15:26:08-07:00,0,4
cv.html,92,html,6b1306f1,Ryotakemuraryo,2025-04-04,15:26:08,-07:00,2025-04-04T15:26:08-07:00,0,4
cv.html,93,html,6b1306f1,Ryotakemuraryo,2025-04-04,15:26:08,-07:00,2025-04-04T15:26:08-07:00,0,9
cv.html,94,html,6b1306f1,Ryotakemuraryo,2025-04-04,15:26:08,-07:00,2025-04-04T15:26:08-07:00,0,0
cv.html,95,html,9f187cde,Ryotakemuraryo,2025-04-04,15:07:51,-07:00,2025-04-04T15:07:51-07:00,0,6
cv.html,96,html,9f187cde,Ryotakemuraryo,2025-04-04,15:07:51,-07:00,2025-04-04T15:07:51-07:00,0,6
projects/projects.js,1,js,3ad84785,Ryotakemuraryo,2025-04-24,15:11:08,-07:00,2025-04-24T15:11:08-07:00,0,56
projects/projects.js,2,js,99430528,Ryotakemuraryo,2025-05-01,22:19:20,-07:00,2025-05-01T22:19:20-07:00,0,64
projects/projects.js,3,js,3ad84785,Ryotakemuraryo,2025-04-24,15:11:08,-07:00,2025-04-24T15:11:08-07:00,0,0
projects/projects.js,4,js,3ad84785,Ryotakemuraryo,2025-04-24,15:11:08,-07:00,2025-04-24T15:11:08-07:00,0,13
projects/projects.js,5,js,3ad84785,Ryotakemuraryo,2025-04-24,15:11:08,-07:00,2025-04-24T15:11:08-07:00,0,56
projects/projects.js,6,js,3ad84785,Ryotakemuraryo,2025-04-24,15:11:08,-07:00,2025-04-24T15:11:08-07:00,0,0
projects/projects.js,7,js,3ad84785,Ryotakemuraryo,2025-04-24,15:11:08,-07:00,2025-04-24T15:11:08-07:00,0,61
projects/projects.js,8,js,3ad84785,Ryotakemuraryo,2025-04-24,15:11:08,-07:00,2025-04-24T15:11:08-07:00,0,0
projects/projects.js,9,js,3ad84785,Ryotakemuraryo,2025-04-24,15:11:08,-07:00,2025-04-24T15:11:08-07:00,0,49
projects/projects.js,10,js,0df5359c,Ryotakemuraryo,2025-04-24,15:31:57,-07:00,2025-04-24T15:31:57-07:00,0,0
projects/projects.js,11,js,0df5359c,Ryotakemuraryo,2025-04-24,15:31:57,-07:00,2025-04-24T15:31:57-07:00,0,63
projects/projects.js,12,js,0df5359c,Ryotakemuraryo,2025-04-24,15:31:57,-07:00,2025-04-24T15:31:57-07:00,0,31
projects/projects.js,13,js,0df5359c,Ryotakemuraryo,2025-04-24,15:31:57,-07:00,2025-04-24T15:31:57-07:00,0,57
projects/projects.js,14,js,0df5359c,Ryotakemuraryo,2025-04-24,15:31:57,-07:00,2025-04-24T15:31:57-07:00,0,0
projects/projects.js,15,js,99430528,Ryotakemuraryo,2025-05-01,22:19:20,-07:00,2025-05-01T22:19:20-07:00,0,4
projects/projects.js,16,js,99430528,Ryotakemuraryo,2025-05-01,22:19:20,-07:00,2025-05-01T22:19:20-07:00,0,0
projects/projects.js,17,js,99430528,Ryotakemuraryo,2025-05-01,22:19:20,-07:00,2025-05-01T22:19:20-07:00,0,0
projects/projects.js,18,js,a0d02c48,Ryotakemuraryo,2025-05-02,10:50:26,-07:00,2025-05-02T10:50:26-07:00,0,58
projects/projects.js,19,js,4225e4d5,Ryotakemuraryo,2025-05-02,14:48:54,-07:00,2025-05-02T14:48:54-07:00,0,0
projects/projects.js,20,js,af0da0af,Ryotakemuraryo,2025-05-02,15:08:53,-07:00,2025-05-02T15:08:53-07:00,0,81
projects/projects.js,21,js,af0da0af,Ryotakemuraryo,2025-05-02,15:08:53,-07:00,2025-05-02T15:08:53-07:00,0,27
projects/projects.js,22,js,af0da0af,Ryotakemuraryo,2025-05-02,15:08:53,-07:00,2025-05-02T15:08:53-07:00,0,8
projects/projects.js,23,js,af0da0af,Ryotakemuraryo,2025-05-02,15:08:53,-07:00,2025-05-02T15:08:53-07:00,0,15
projects/projects.js,24,js,af0da0af,Ryotakemuraryo,2025-05-02,15:08:53,-07:00,2025-05-02T15:08:53-07:00,0,13
projects/projects.js,25,js,af0da0af,Ryotakemuraryo,2025-05-02,15:08:53,-07:00,2025-05-02T15:08:53-07:00,0,1
projects/projects.js,26,js,4225e4d5,Ryotakemuraryo,2025-05-02,14:48:54,-07:00,2025-05-02T14:48:54-07:00,0,0
projects/projects.js,27,js,4225e4d5,Ryotakemuraryo,2025-05-02,14:48:54,-07:00,2025-05-02T14:48:54-07:00,0,45
projects/projects.js,28,js,4225e4d5,Ryotakemuraryo,2025-05-02,14:48:54,-07:00,2025-05-02T14:48:54-07:00,0,36
projects/projects.js,29,js,af0da0af,Ryotakemuraryo,2025-05-02,15:08:53,-07:00,2025-05-02T15:08:53-07:00,0,2
projects/projects.js,30,js,345d0977,Ryotakemuraryo,2025-05-02,14:57:38,-07:00,2025-05-02T14:57:38-07:00,0,0
projects/projects.js,31,js,345d0977,Ryotakemuraryo,2025-05-02,14:57:38,-07:00,2025-05-02T14:57:38-07:00,0,0
projects/projects.js,32,js,18bf5b06,Ryotakemuraryo,2025-05-02,11:07:19,-07:00,2025-05-02T11:07:19-07:00,0,51
projects/projects.js,33,js,e1d09a15,Ryotakemuraryo,2025-05-02,10:44:44,-07:00,2025-05-02T10:44:44-07:00,0,34
projects/projects.js,34,js,8ab2f3d8,Ryotakemuraryo,2025-05-02,10:24:42,-07:00,2025-05-02T10:24:42-07:00,0,46
projects/projects.js,35,js,2ee80733,Ryotakemuraryo,2025-05-02,10:46:35,-07:00,2025-05-02T10:46:35-07:00,0,48
projects/projects.js,36,js,83eeff65,Ryotakemuraryo,2025-05-02,10:35:16,-07:00,2025-05-02T10:35:16-07:00,0,27
projects/projects.js,37,js,8ab2f3d8,Ryotakemuraryo,2025-05-02,10:24:42,-07:00,2025-05-02T10:24:42-07:00,0,55
projects/projects.js,38,js,b00b41c5,Ryotakemuraryo,2025-05-02,11:05:13,-07:00,2025-05-02T11:05:13-07:00,0,71
projects/projects.js,39,js,02f7ce73,Ryotakemuraryo,2025-05-02,11:19:50,-07:00,2025-05-02T11:19:50-07:00,0,2
projects/projects.js,40,js,02f7ce73,Ryotakemuraryo,2025-05-02,11:19:50,-07:00,2025-05-02T11:19:50-07:00,0,0
projects/projects.js,41,js,02f7ce73,Ryotakemuraryo,2025-05-02,11:19:50,-07:00,2025-05-02T11:19:50-07:00,0,33
projects/projects.js,42,js,02f7ce73,Ryotakemuraryo,2025-05-02,11:19:50,-07:00,2025-05-02T11:19:50-07:00,0,25
projects/projects.js,43,js,02f7ce73,Ryotakemuraryo,2025-05-02,11:19:50,-07:00,2025-05-02T11:19:50-07:00,0,5
projects/projects.js,44,js,02f7ce73,Ryotakemuraryo,2025-05-02,11:19:50,-07:00,2025-05-02T11:19:50-07:00,0,12
projects/projects.js,45,js,748827d3,Ryotakemuraryo,2025-05-02,12:05:52,-07:00,2025-05-02T12:05:52-07:00,0,28
projects/projects.js,46,js,02f7ce73,Ryotakemuraryo,2025-05-02,11:19:50,-07:00,2025-05-02T11:19:50-07:00,0,94
projects/projects.js,47,js,02f7ce73,Ryotakemuraryo,2025-05-02,11:19:50,-07:00,2025-05-02T11:19:50-07:00,0,100
projects/projects.js,48,js,4225e4d5,Ryotakemuraryo,2025-05-02,14:48:54,-07:00,2025-05-02T14:48:54-07:00,0,2
projects/projects.js,49,js,4225e4d5,Ryotakemuraryo,2025-05-02,14:48:54,-07:00,2025-05-02T14:48:54-07:00,0,0
projects/projects.js,50,js,c690d7df,Ryotakemuraryo,2025-05-02,15:37:16,-07:00,2025-05-02T15:37:16-07:00,0,61
projects/projects.js,51,js,d962d06b,Ryotakemuraryo,2025-05-02,15:29:22,-07:00,2025-05-02T15:29:22-07:00,0,0
projects/projects.js,52,js,1b0e1a79,Ryotakemuraryo,2025-05-02,18:46:02,-07:00,2025-05-02T18:46:02-07:00,0,14
projects/projects.js,53,js,86f691e0,Ryotakemuraryo,2025-05-02,17:24:06,-07:00,2025-05-02T17:24:06-07:00,0,54
projects/projects.js,54,js,363fa982,Ryotakemuraryo,2025-05-02,17:22:08,-07:00,2025-05-02T17:22:08-07:00,0,0
projects/projects.js,55,js,363fa982,Ryotakemuraryo,2025-05-02,17:22:08,-07:00,2025-05-02T17:22:08-07:00,0,25
projects/projects.js,56,js,363fa982,Ryotakemuraryo,2025-05-02,17:22:08,-07:00,2025-05-02T17:22:08-07:00,0,36
projects/projects.js,57,js,363fa982,Ryotakemuraryo,2025-05-02,17:22:08,-07:00,2025-05-02T17:22:08-07:00,0,60
projects/projects.js,58,js,363fa982,Ryotakemuraryo,2025-05-02,17:22:08,-07:00,2025-05-02T17:22:08-07:00,0,47
projects/projects.js,59,js,e9a58c11,Ryotakemuraryo,2025-05-02,17:16:04,-07:00,2025-05-02T17:16:04-07:00,0,0
projects/projects.js,60,js,6ad7361b,Ryotakemuraryo,2025-05-02,17:10:05,-07:00,2025-05-02T17:10:05-07:00,0,0
projects/projects.js,61,js,6ad7361b,Ryotakemuraryo,2025-05-02,17:10:05,-07:00,2025-05-02T17:10:05-07:00,0,0
projects/projects.js,62,js,6ad7361b,Ryotakemuraryo,2025-05-02,17:10:05,-07:00,2025-05-02T17:10:05-07:00,0,41
projects/projects.js,63,js,6ad7361b,Ryotakemuraryo,2025-05-02,17:10:05,-07:00,2025-05-02T17:10:05-07:00,0,39
projects/projects.js,64,js,6ad7361b,Ryotakemuraryo,2025-05-02,17:10:05,-07:00,2025-05-02T17:10:05-07:00,0,26
projects/projects.js,65,js,6ad7361b,Ryotakemuraryo,2025-05-02,17:10:05,-07:00,2025-05-02T17:10:05-07:00,0,30
projects/projects.js,66,js,6ad7361b,Ryotakemuraryo,2025-05-02,17:10:05,-07:00,2025-05-02T17:10:05-07:00,0,13
projects/projects.js,67,js,6ad7361b,Ryotakemuraryo,2025-05-02,17:10:05,-07:00,2025-05-02T17:10:05-07:00,0,15
projects/projects.js,68,js,6ad7361b,Ryotakemuraryo,2025-05-02,17:10:05,-07:00,2025-05-02T17:10:05-07:00,0,13
projects/projects.js,69,js,6ad7361b,Ryotakemuraryo,2025-05-02,17:10:05,-07:00,2025-05-02T17:10:05-07:00,0,1
projects/projects.js,70,js,6ad7361b,Ryotakemuraryo,2025-05-02,17:10:05,-07:00,2025-05-02T17:10:05-07:00,0,19
projects/projects.js,71,js,6ad7361b,Ryotakemuraryo,2025-05-02,17:10:05,-07:00,2025-05-02T17:10:05-07:00,0,51
projects/projects.js,72,js,6ad7361b,Ryotakemuraryo,2025-05-02,17:10:05,-07:00,2025-05-02T17:10:05-07:00,0,42
projects/projects.js,73,js,6ad7361b,Ryotakemuraryo,2025-05-02,17:10:05,-07:00,2025-05-02T17:10:05-07:00,0,2
projects/projects.js,74,js,6ad7361b,Ryotakemuraryo,2025-05-02,17:10:05,-07:00,2025-05-02T17:10:05-07:00,0,51
projects/projects.js,75,js,6ad7361b,Ryotakemuraryo,2025-05-02,17:10:05,-07:00,2025-05-02T17:10:05-07:00,0,55
projects/projects.js,76,js,6ad7361b,Ryotakemuraryo,2025-05-02,17:10:05,-07:00,2025-05-02T17:10:05-07:00,0,43
projects/projects.js,77,js,6ad7361b,Ryotakemuraryo,2025-05-02,17:10:05,-07:00,2025-05-02T17:10:05-07:00,0,52
projects/projects.js,78,js,6ad7361b,Ryotakemuraryo,2025-05-02,17:10:05,-07:00,2025-05-02T17:10:05-07:00,0,34
projects/projects.js,79,js,6ad7361b,Ryotakemuraryo,2025-05-02,17:10:05,-07:00,2025-05-02T17:10:05-07:00,0,29
projects/projects.js,80,js,6ad7361b,Ryotakemuraryo,2025-05-02,17:10:05,-07:00,2025-05-02T17:10:05-07:00,0,33
projects/projects.js,81,js,6ad7361b,Ryotakemuraryo,2025-05-02,17:10:05,-07:00,2025-05-02T17:10:05-07:00,0,33
projects/projects.js,82,js,6ad7361b,Ryotakemuraryo,2025-05-02,17:10:05,-07:00,2025-05-02T17:10:05-07:00,0,31
projects/projects.js,83,js,6ad7361b,Ryotakemuraryo,2025-05-02,17:10:05,-07:00,2025-05-02T17:10:05-07:00,0,54
projects/projects.js,84,js,6ad7361b,Ryotakemuraryo,2025-05-02,17:10:05,-07:00,2025-05-02T17:10:05-07:00,0,30
projects/projects.js,85,js,6ad7361b,Ryotakemuraryo,2025-05-02,17:10:05,-07:00,2025-05-02T17:10:05-07:00,0,61
projects/projects.js,86,js,6ad7361b,Ryotakemuraryo,2025-05-02,17:10:05,-07:00,2025-05-02T17:10:05-07:00,0,2
projects/projects.js,87,js,6ad7361b,Ryotakemuraryo,2025-05-02,17:10:05,-07:00,2025-05-02T17:10:05-07:00,0,0
projects/projects.js,88,js,6b0808a4,Ryotakemuraryo,2025-05-02,17:29:43,-07:00,2025-05-02T17:29:43-07:00,0,28
projects/projects.js,89,js,6ad7361b,Ryotakemuraryo,2025-05-02,17:10:05,-07:00,2025-05-02T17:10:05-07:00,0,5
projects/projects.js,90,js,6ad7361b,Ryotakemuraryo,2025-05-02,17:10:05,-07:00,2025-05-02T17:10:05-07:00,0,12
projects/projects.js,91,js,6ad7361b,Ryotakemuraryo,2025-05-02,17:10:05,-07:00,2025-05-02T17:10:05-07:00,0,28
projects/projects.js,92,js,6ad7361b,Ryotakemuraryo,2025-05-02,17:10:05,-07:00,2025-05-02T17:10:05-07:00,0,94
projects/projects.js,93,js,6ad7361b,Ryotakemuraryo,2025-05-02,17:10:05,-07:00,2025-05-02T17:10:05-07:00,0,100
projects/projects.js,94,js,6ad7361b,Ryotakemuraryo,2025-05-02,17:10:05,-07:00,2025-05-02T17:10:05-07:00,0,2
projects/projects.js,95,js,93df2f49,Ryotakemuraryo,2025-05-02,23:28:24,-07:00,2025-05-02T23:28:24-07:00,0,14
projects/projects.js,96,js,93df2f49,Ryotakemuraryo,2025-05-02,23:28:24,-07:00,2025-05-02T23:28:24-07:00,0,14
projects/projects.js,97,js,6ad7361b,Ryotakemuraryo,2025-05-02,17:10:05,-07:00,2025-05-02T17:10:05-07:00,0,0
projects/projects.js,98,js,6ad7361b,Ryotakemuraryo,2025-05-02,17:10:05,-07:00,2025-05-02T17:10:05-07:00,0,0
projects/projects.js,99,js,6ad7361b,Ryotakemuraryo,2025-05-02,17:10:05,-07:00,2025-05-02T17:10:05-07:00,0,33
projects/projects.js,100,js,6ad7361b,Ryotakemuraryo,2025-05-02,17:10:05,-07:00,2025-05-02T17:10:05-07:00,0,24
projects/projects.js,101,js,6ad7361b,Ryotakemuraryo,2025-05-02,17:10:05,-07:00,2025-05-02T17:10:05-07:00,0,0
projects/projects.js,102,js,6ad7361b,Ryotakemuraryo,2025-05-02,17:10:05,-07:00,2025-05-02T17:10:05-07:00,0,49
projects/projects.js,103,js,712c65e0,Ryotakemuraryo,2025-05-02,18:49:27,-07:00,2025-05-02T18:49:27-07:00,0,18
projects/projects.js,104,js,bd917b0e,Ryotakemuraryo,2025-05-02,18:42:30,-07:00,2025-05-02T18:42:30-07:00,0,26
projects/projects.js,105,js,6ad7361b,Ryotakemuraryo,2025-05-02,17:10:05,-07:00,2025-05-02T17:10:05-07:00,0,51
projects/projects.js,106,js,6ad7361b,Ryotakemuraryo,2025-05-02,17:10:05,-07:00,2025-05-02T17:10:05-07:00,0,53
projects/projects.js,107,js,6ad7361b,Ryotakemuraryo,2025-05-02,17:10:05,-07:00,2025-05-02T17:10:05-07:00,0,57
projects/projects.js,108,js,6ad7361b,Ryotakemuraryo,2025-05-02,17:10:05,-07:00,2025-05-02T17:10:05-07:00,0,32
projects/projects.js,109,js,e0589bc6,Ryotakemuraryo,2025-05-02,18:00:49,-07:00,2025-05-02T18:00:49-07:00,0,2
projects/projects.js,110,js,e0589bc6,Ryotakemuraryo,2025-05-02,18:00:49,-07:00,2025-05-02T18:00:49-07:00,0,0
projects/projects.js,111,js,e0589bc6,Ryotakemuraryo,2025-05-02,18:00:49,-07:00,2025-05-02T18:00:49-07:00,0,0
projects/projects.js,112,js,e0589bc6,Ryotakemuraryo,2025-05-02,18:00:49,-07:00,2025-05-02T18:00:49-07:00,0,0
projects/projects.js,113,js,e0589bc6,Ryotakemuraryo,2025-05-02,18:00:49,-07:00,2025-05-02T18:00:49-07:00,0,22
projects/projects.js,114,js,e0589bc6,Ryotakemuraryo,2025-05-02,18:00:49,-07:00,2025-05-02T18:00:49-07:00,0,26
projects/projects.js,115,js,e0589bc6,Ryotakemuraryo,2025-05-02,18:00:49,-07:00,2025-05-02T18:00:49-07:00,0,30
projects/projects.js,116,js,e0589bc6,Ryotakemuraryo,2025-05-02,18:00:49,-07:00,2025-05-02T18:00:49-07:00,0,25
projects/projects.js,117,js,e0589bc6,Ryotakemuraryo,2025-05-02,18:00:49,-07:00,2025-05-02T18:00:49-07:00,0,2
projects/projects.js,118,js,e0589bc6,Ryotakemuraryo,2025-05-02,18:00:49,-07:00,2025-05-02T18:00:49-07:00,0,14
projects/projects.js,119,js,e0589bc6,Ryotakemuraryo,2025-05-02,18:00:49,-07:00,2025-05-02T18:00:49-07:00,0,14
projects/projects.js,120,js,e0589bc6,Ryotakemuraryo,2025-05-02,18:00:49,-07:00,2025-05-02T18:00:49-07:00,0,23
projects/projects.js,121,js,e0589bc6,Ryotakemuraryo,2025-05-02,18:00:49,-07:00,2025-05-02T18:00:49-07:00,0,19
projects/projects.js,122,js,e0589bc6,Ryotakemuraryo,2025-05-02,18:00:49,-07:00,2025-05-02T18:00:49-07:00,0,44
projects/projects.js,123,js,e0589bc6,Ryotakemuraryo,2025-05-02,18:00:49,-07:00,2025-05-02T18:00:49-07:00,0,0
projects/projects.js,124,js,e0589bc6,Ryotakemuraryo,2025-05-02,18:00:49,-07:00,2025-05-02T18:00:49-07:00,0,2
projects/projects.js,125,js,e0589bc6,Ryotakemuraryo,2025-05-02,18:00:49,-07:00,2025-05-02T18:00:49-07:00,0,17
projects/projects.js,126,js,e0589bc6,Ryotakemuraryo,2025-05-02,18:00:49,-07:00,2025-05-02T18:00:49-07:00,0,27
projects/projects.js,127,js,e0589bc6,Ryotakemuraryo,2025-05-02,18:00:49,-07:00,2025-05-02T18:00:49-07:00,0,69
projects/projects.js,128,js,e0589bc6,Ryotakemuraryo,2025-05-02,18:00:49,-07:00,2025-05-02T18:00:49-07:00,0,19
projects/projects.js,129,js,e0589bc6,Ryotakemuraryo,2025-05-02,18:00:49,-07:00,2025-05-02T18:00:49-07:00,0,3
projects/projects.js,130,js,e0589bc6,Ryotakemuraryo,2025-05-02,18:00:49,-07:00,2025-05-02T18:00:49-07:00,0,48
projects/projects.js,131,js,e0589bc6,Ryotakemuraryo,2025-05-02,18:00:49,-07:00,2025-05-02T18:00:49-07:00,0,2
projects/projects.js,132,js,e0589bc6,Ryotakemuraryo,2025-05-02,18:00:49,-07:00,2025-05-02T18:00:49-07:00,0,5
projects/projects.js,133,js,e0589bc6,Ryotakemuraryo,2025-05-02,18:00:49,-07:00,2025-05-02T18:00:49-07:00,0,15
projects/projects.js,134,js,e0589bc6,Ryotakemuraryo,2025-05-02,18:00:49,-07:00,2025-05-02T18:00:49-07:00,0,27
projects/projects.js,135,js,e0589bc6,Ryotakemuraryo,2025-05-02,18:00:49,-07:00,2025-05-02T18:00:49-07:00,0,66
projects/projects.js,136,js,e0589bc6,Ryotakemuraryo,2025-05-02,18:00:49,-07:00,2025-05-02T18:00:49-07:00,0,19
projects/projects.js,137,js,e0589bc6,Ryotakemuraryo,2025-05-02,18:00:49,-07:00,2025-05-02T18:00:49-07:00,0,3
projects/projects.js,138,js,e0589bc6,Ryotakemuraryo,2025-05-02,18:00:49,-07:00,2025-05-02T18:00:49-07:00,0,48
projects/projects.js,139,js,e0589bc6,Ryotakemuraryo,2025-05-02,18:00:49,-07:00,2025-05-02T18:00:49-07:00,0,2
projects/projects.js,140,js,160959c7,Ryotakemuraryo,2025-05-02,18:14:06,-07:00,2025-05-02T18:14:06-07:00,0,26
projects/projects.js,141,js,160959c7,Ryotakemuraryo,2025-05-02,18:14:06,-07:00,2025-05-02T18:14:06-07:00,0,49
projects/projects.js,142,js,160959c7,Ryotakemuraryo,2025-05-02,18:14:06,-07:00,2025-05-02T18:14:06-07:00,0,7
projects/projects.js,143,js,160959c7,Ryotakemuraryo,2025-05-02,18:14:06,-07:00,2025-05-02T18:14:06-07:00,0,53
projects/projects.js,144,js,160959c7,Ryotakemuraryo,2025-05-02,18:14:06,-07:00,2025-05-02T18:14:06-07:00,0,32
projects/projects.js,145,js,160959c7,Ryotakemuraryo,2025-05-02,18:14:06,-07:00,2025-05-02T18:14:06-07:00,0,44
projects/projects.js,146,js,b0a10549,Ryotakemuraryo,2025-05-02,18:33:15,-07:00,2025-05-02T18:33:15-07:00,0,52
projects/projects.js,147,js,b0a10549,Ryotakemuraryo,2025-05-02,18:33:15,-07:00,2025-05-02T18:33:15-07:00,0,60
projects/projects.js,148,js,b0a10549,Ryotakemuraryo,2025-05-02,18:33:15,-07:00,2025-05-02T18:33:15-07:00,0,55
projects/projects.js,149,js,b0a10549,Ryotakemuraryo,2025-05-02,18:33:15,-07:00,2025-05-02T18:33:15-07:00,0,106
projects/projects.js,150,js,b0a10549,Ryotakemuraryo,2025-05-02,18:33:15,-07:00,2025-05-02T18:33:15-07:00,0,34
projects/projects.js,151,js,b0a10549,Ryotakemuraryo,2025-05-02,18:33:15,-07:00,2025-05-02T18:33:15-07:00,0,2
projects/projects.js,152,js,b0a10549,Ryotakemuraryo,2025-05-02,18:33:15,-07:00,2025-05-02T18:33:15-07:00,0,0
projects/projects.js,153,js,160959c7,Ryotakemuraryo,2025-05-02,18:14:06,-07:00,2025-05-02T18:14:06-07:00,0,57
projects/projects.js,154,js,160959c7,Ryotakemuraryo,2025-05-02,18:14:06,-07:00,2025-05-02T18:14:06-07:00,0,0
projects/projects.js,155,js,e0589bc6,Ryotakemuraryo,2025-05-02,18:00:49,-07:00,2025-05-02T18:00:49-07:00,0,2
projects/projects.js,156,js,6ad7361b,Ryotakemuraryo,2025-05-02,17:10:05,-07:00,2025-05-02T17:10:05-07:00,0,2
projects/index.js,1,js,c44d83b4,Ryotakemuraryo,2025-04-24,18:20:27,-07:00,2025-04-24T18:20:27-07:00,0,73
projects/index.js,2,js,3318ca81,Ryotakemuraryo,2025-04-24,16:26:12,-07:00,2025-04-24T16:26:12-07:00,0,55
projects/index.js,3,js,3318ca81,Ryotakemuraryo,2025-04-24,16:26:12,-07:00,2025-04-24T16:26:12-07:00,0,43
projects/index.js,4,js,3318ca81,Ryotakemuraryo,2025-04-24,16:26:12,-07:00,2025-04-24T16:26:12-07:00,0,61
projects/index.js,5,js,56dc6492,Ryotakemuraryo,2025-04-24,22:37:34,-07:00,2025-04-24T22:37:34-07:00,0,55
projects/index.js,6,js,4bea217b,Ryotakemuraryo,2025-04-25,11:38:37,-07:00,2025-04-25T11:38:37-07:00,0,58
projects/index.js,7,js,56dc6492,Ryotakemuraryo,2025-04-24,22:37:34,-07:00,2025-04-24T22:37:34-07:00,0,61
projects/index.js,8,js,56dc6492,Ryotakemuraryo,2025-04-24,22:37:34,-07:00,2025-04-24T22:37:34-07:00,0,0
projects/index.js,9,js,56dc6492,Ryotakemuraryo,2025-04-24,22:37:34,-07:00,2025-04-24T22:37:34-07:00,0,18
projects/index.js,10,js,56dc6492,Ryotakemuraryo,2025-04-24,22:37:34,-07:00,2025-04-24T22:37:34-07:00,0,25
projects/index.js,11,js,56dc6492,Ryotakemuraryo,2025-04-24,22:37:34,-07:00,2025-04-24T22:37:34-07:00,0,3
projects/index.js,12,js,56dc6492,Ryotakemuraryo,2025-04-24,22:37:34,-07:00,2025-04-24T22:37:34-07:00,0,56
projects/index.js,13,js,56dc6492,Ryotakemuraryo,2025-04-24,22:37:34,-07:00,2025-04-24T22:37:34-07:00,0,56
projects/index.js,14,js,56dc6492,Ryotakemuraryo,2025-04-24,22:37:34,-07:00,2025-04-24T22:37:34-07:00,0,50
projects/index.js,15,js,56dc6492,Ryotakemuraryo,2025-04-24,22:37:34,-07:00,2025-04-24T22:37:34-07:00,0,50
projects/index.js,16,js,56dc6492,Ryotakemuraryo,2025-04-24,22:37:34,-07:00,2025-04-24T22:37:34-07:00,0,4
projects/index.js,17,js,56dc6492,Ryotakemuraryo,2025-04-24,22:37:34,-07:00,2025-04-24T22:37:34-07:00,0,1
projects/index.js,18,js,56dc6492,Ryotakemuraryo,2025-04-24,22:37:34,-07:00,2025-04-24T22:37:34-07:00,0,0
projects/index.html,1,html,224dc807,Ryotakemuraryo,2025-04-03,20:31:41,-07:00,2025-04-03T20:31:41-07:00,0,14
projects/index.html,2,html,224dc807,Ryotakemuraryo,2025-04-03,20:31:41,-07:00,2025-04-03T20:31:41-07:00,0,15
projects/index.html,3,html,224dc807,Ryotakemuraryo,2025-04-03,20:31:41,-07:00,2025-04-03T20:31:41-07:00,0,5
projects/index.html,4,html,2fc25a3e,Ryotakemuraryo,2025-04-08,23:04:33,-07:00,2025-04-08T23:04:33-07:00,0,44
projects/index.html,5,html,3ad84785,Ryotakemuraryo,2025-04-24,15:11:08,-07:00,2025-04-24T15:11:08-07:00,0,49
projects/index.html,6,html,3ad84785,Ryotakemuraryo,2025-04-24,15:11:08,-07:00,2025-04-24T15:11:08-07:00,0,48
projects/index.html,7,html,382ffab5,Ryotakemuraryo,2025-04-17,12:21:04,-07:00,2025-04-17T12:21:04-07:00,0,0
projects/index.html,8,html,224dc807,Ryotakemuraryo,2025-04-03,20:31:41,-07:00,2025-04-03T20:31:41-07:00,0,21
projects/index.html,9,html,224dc807,Ryotakemuraryo,2025-04-03,20:31:41,-07:00,2025-04-03T20:31:41-07:00,0,69
projects/index.html,10,html,224dc807,Ryotakemuraryo,2025-04-03,20:31:41,-07:00,2025-04-03T20:31:41-07:00,0,6
projects/index.html,11,html,224dc807,Ryotakemuraryo,2025-04-03,20:31:41,-07:00,2025-04-03T20:31:41-07:00,0,5
projects/index.html,12,html,f5a1d8a7,Ryotakemuraryo,2025-04-17,13:19:31,-07:00,2025-04-17T13:19:31-07:00,0,9
projects/index.html,13,html,224dc807,Ryotakemuraryo,2025-04-03,20:31:41,-07:00,2025-04-03T20:31:41-07:00,0,3
projects/index.html,14,html,224dc807,Ryotakemuraryo,2025-04-03,20:31:41,-07:00,2025-04-03T20:31:41-07:00,0,40
projects/index.html,15,html,daf5db64,Ryotakemuraryo,2025-04-17,12:59:55,-07:00,2025-04-17T12:59:55-07:00,0,41
projects/index.html,16,html,224dc807,Ryotakemuraryo,2025-04-03,20:31:41,-07:00,2025-04-03T20:31:41-07:00,0,51
projects/index.html,17,html,224dc807,Ryotakemuraryo,2025-04-03,20:31:41,-07:00,2025-04-03T20:31:41-07:00,0,79
projects/index.html,18,html,9f187cde,Ryotakemuraryo,2025-04-04,15:07:51,-07:00,2025-04-04T15:07:51-07:00,0,35
projects/index.html,19,html,224dc807,Ryotakemuraryo,2025-04-03,20:31:41,-07:00,2025-04-03T20:31:41-07:00,0,4
projects/index.html,20,html,f5a1d8a7,Ryotakemuraryo,2025-04-17,13:19:31,-07:00,2025-04-17T13:19:31-07:00,0,9
projects/index.html,21,html,603223f2,Ryotakemuraryo,2025-04-24,15:41:42,-07:00,2025-04-24T15:41:42-07:00,0,39
projects/index.html,22,html,3d64e583,Ryotakemuraryo,2025-05-02,14:24:47,-07:00,2025-05-02T14:24:47-07:00,0,22
projects/index.html,23,html,d962d06b,Ryotakemuraryo,2025-05-02,15:29:22,-07:00,2025-05-02T15:29:22-07:00,0,0
projects/index.html,24,html,3d64e583,Ryotakemuraryo,2025-05-02,14:24:47,-07:00,2025-05-02T14:24:47-07:00,0,59
projects/index.html,25,html,3d64e583,Ryotakemuraryo,2025-05-02,14:24:47,-07:00,2025-05-02T14:24:47-07:00,0,23
projects/index.html,26,html,3d64e583,Ryotakemuraryo,2025-05-02,14:24:47,-07:00,2025-05-02T14:24:47-07:00,0,5
projects/index.html,27,html,d962d06b,Ryotakemuraryo,2025-05-02,15:29:22,-07:00,2025-05-02T15:29:22-07:00,0,5
projects/index.html,28,html,d962d06b,Ryotakemuraryo,2025-05-02,15:29:22,-07:00,2025-05-02T15:29:22-07:00,0,16
projects/index.html,29,html,d962d06b,Ryotakemuraryo,2025-05-02,15:29:22,-07:00,2025-05-02T15:29:22-07:00,0,12
projects/index.html,30,html,d962d06b,Ryotakemuraryo,2025-05-02,15:29:22,-07:00,2025-05-02T15:29:22-07:00,0,27
projects/index.html,31,html,d962d06b,Ryotakemuraryo,2025-05-02,15:29:22,-07:00,2025-05-02T15:29:22-07:00,0,32
projects/index.html,32,html,d962d06b,Ryotakemuraryo,2025-05-02,15:29:22,-07:00,2025-05-02T15:29:22-07:00,0,1
projects/index.html,33,html,ebf5522a,Ryotakemuraryo,2025-04-10,11:16:06,-07:00,2025-04-10T11:16:06-07:00,0,21
projects/index.html,34,html,6f006fc9,Ryotakemuraryo,2025-05-01,21:59:12,-07:00,2025-05-01T21:59:12-07:00,0,0
projects/index.html,35,html,3ad84785,Ryotakemuraryo,2025-04-24,15:11:08,-07:00,2025-04-24T15:11:08-07:00,0,13
projects/index.html,36,html,ebf5522a,Ryotakemuraryo,2025-04-10,11:16:06,-07:00,2025-04-10T11:16:06-07:00,0,30
projects/index.html,37,html,ebf5522a,Ryotakemuraryo,2025-04-10,11:16:06,-07:00,2025-04-10T11:16:06-07:00,0,71
projects/index.html,38,html,ebf5522a,Ryotakemuraryo,2025-04-10,11:16:06,-07:00,2025-04-10T11:16:06-07:00,0,210
projects/index.html,39,html,ebf5522a,Ryotakemuraryo,2025-04-10,11:16:06,-07:00,2025-04-10T11:16:06-07:00,0,9
projects/index.html,40,html,ebf5522a,Ryotakemuraryo,2025-04-10,11:16:06,-07:00,2025-04-10T11:16:06-07:00,0,8
projects/index.html,41,html,ebf5522a,Ryotakemuraryo,2025-04-10,11:16:06,-07:00,2025-04-10T11:16:06-07:00,0,41
projects/index.html,42,html,ebf5522a,Ryotakemuraryo,2025-04-10,11:16:06,-07:00,2025-04-10T11:16:06-07:00,0,71
projects/index.html,43,html,ebf5522a,Ryotakemuraryo,2025-04-10,11:16:06,-07:00,2025-04-10T11:16:06-07:00,0,242
projects/index.html,44,html,ebf5522a,Ryotakemuraryo,2025-04-10,11:16:06,-07:00,2025-04-10T11:16:06-07:00,0,9
projects/index.html,45,html,ebf5522a,Ryotakemuraryo,2025-04-10,11:16:06,-07:00,2025-04-10T11:16:06-07:00,0,8
projects/index.html,46,html,ebf5522a,Ryotakemuraryo,2025-04-10,11:16:06,-07:00,2025-04-10T11:16:06-07:00,0,41
projects/index.html,47,html,ebf5522a,Ryotakemuraryo,2025-04-10,11:16:06,-07:00,2025-04-10T11:16:06-07:00,0,71
projects/index.html,48,html,ebf5522a,Ryotakemuraryo,2025-04-10,11:16:06,-07:00,2025-04-10T11:16:06-07:00,0,195
projects/index.html,49,html,ebf5522a,Ryotakemuraryo,2025-04-10,11:16:06,-07:00,2025-04-10T11:16:06-07:00,0,9
projects/index.html,50,html,ebf5522a,Ryotakemuraryo,2025-04-10,11:16:06,-07:00,2025-04-10T11:16:06-07:00,0,8
projects/index.html,51,html,ebf5522a,Ryotakemuraryo,2025-04-10,11:16:06,-07:00,2025-04-10T11:16:06-07:00,0,30
projects/index.html,52,html,ebf5522a,Ryotakemuraryo,2025-04-10,11:16:06,-07:00,2025-04-10T11:16:06-07:00,0,71
projects/index.html,53,html,ebf5522a,Ryotakemuraryo,2025-04-10,11:16:06,-07:00,2025-04-10T11:16:06-07:00,0,214
projects/index.html,54,html,ebf5522a,Ryotakemuraryo,2025-04-10,11:16:06,-07:00,2025-04-10T11:16:06-07:00,0,9
projects/index.html,55,html,ebf5522a,Ryotakemuraryo,2025-04-10,11:16:06,-07:00,2025-04-10T11:16:06-07:00,0,8
projects/index.html,56,html,ebf5522a,Ryotakemuraryo,2025-04-10,11:16:06,-07:00,2025-04-10T11:16:06-07:00,0,30
projects/index.html,57,html,ebf5522a,Ryotakemuraryo,2025-04-10,11:16:06,-07:00,2025-04-10T11:16:06-07:00,0,71
projects/index.html,58,html,ebf5522a,Ryotakemuraryo,2025-04-10,11:16:06,-07:00,2025-04-10T11:16:06-07:00,0,239
projects/index.html,59,html,ebf5522a,Ryotakemuraryo,2025-04-10,11:16:06,-07:00,2025-04-10T11:16:06-07:00,0,9
projects/index.html,60,html,ebf5522a,Ryotakemuraryo,2025-04-10,11:16:06,-07:00,2025-04-10T11:16:06-07:00,0,8
projects/index.html,61,html,ebf5522a,Ryotakemuraryo,2025-04-10,11:16:06,-07:00,2025-04-10T11:16:06-07:00,0,36
projects/index.html,62,html,ebf5522a,Ryotakemuraryo,2025-04-10,11:16:06,-07:00,2025-04-10T11:16:06-07:00,0,71
projects/index.html,63,html,ebf5522a,Ryotakemuraryo,2025-04-10,11:16:06,-07:00,2025-04-10T11:16:06-07:00,0,251
projects/index.html,64,html,ebf5522a,Ryotakemuraryo,2025-04-10,11:16:06,-07:00,2025-04-10T11:16:06-07:00,0,9
projects/index.html,65,html,ebf5522a,Ryotakemuraryo,2025-04-10,11:16:06,-07:00,2025-04-10T11:16:06-07:00,0,8
projects/index.html,66,html,ebf5522a,Ryotakemuraryo,2025-04-10,11:16:06,-07:00,2025-04-10T11:16:06-07:00,0,42
projects/index.html,67,html,ebf5522a,Ryotakemuraryo,2025-04-10,11:16:06,-07:00,2025-04-10T11:16:06-07:00,0,71
projects/index.html,68,html,ebf5522a,Ryotakemuraryo,2025-04-10,11:16:06,-07:00,2025-04-10T11:16:06-07:00,0,227
projects/index.html,69,html,ebf5522a,Ryotakemuraryo,2025-04-10,11:16:06,-07:00,2025-04-10T11:16:06-07:00,0,9
projects/index.html,70,html,ebf5522a,Ryotakemuraryo,2025-04-10,11:16:06,-07:00,2025-04-10T11:16:06-07:00,0,8
projects/index.html,71,html,ebf5522a,Ryotakemuraryo,2025-04-10,11:16:06,-07:00,2025-04-10T11:16:06-07:00,0,47
projects/index.html,72,html,ebf5522a,Ryotakemuraryo,2025-04-10,11:16:06,-07:00,2025-04-10T11:16:06-07:00,0,71
projects/index.html,73,html,ebf5522a,Ryotakemuraryo,2025-04-10,11:16:06,-07:00,2025-04-10T11:16:06-07:00,0,221
projects/index.html,74,html,ebf5522a,Ryotakemuraryo,2025-04-10,11:16:06,-07:00,2025-04-10T11:16:06-07:00,0,9
projects/index.html,75,html,ebf5522a,Ryotakemuraryo,2025-04-10,11:16:06,-07:00,2025-04-10T11:16:06-07:00,0,8
projects/index.html,76,html,ebf5522a,Ryotakemuraryo,2025-04-10,11:16:06,-07:00,2025-04-10T11:16:06-07:00,0,44
projects/index.html,77,html,ebf5522a,Ryotakemuraryo,2025-04-10,11:16:06,-07:00,2025-04-10T11:16:06-07:00,0,71
projects/index.html,78,html,ebf5522a,Ryotakemuraryo,2025-04-10,11:16:06,-07:00,2025-04-10T11:16:06-07:00,0,218
projects/index.html,79,html,ebf5522a,Ryotakemuraryo,2025-04-10,11:16:06,-07:00,2025-04-10T11:16:06-07:00,0,9
projects/index.html,80,html,ebf5522a,Ryotakemuraryo,2025-04-10,11:16:06,-07:00,2025-04-10T11:16:06-07:00,0,8
projects/index.html,81,html,ebf5522a,Ryotakemuraryo,2025-04-10,11:16:06,-07:00,2025-04-10T11:16:06-07:00,0,28
projects/index.html,82,html,ebf5522a,Ryotakemuraryo,2025-04-10,11:16:06,-07:00,2025-04-10T11:16:06-07:00,0,71
projects/index.html,83,html,ebf5522a,Ryotakemuraryo,2025-04-10,11:16:06,-07:00,2025-04-10T11:16:06-07:00,0,225
projects/index.html,84,html,ebf5522a,Ryotakemuraryo,2025-04-10,11:16:06,-07:00,2025-04-10T11:16:06-07:00,0,9
projects/index.html,85,html,ebf5522a,Ryotakemuraryo,2025-04-10,11:16:06,-07:00,2025-04-10T11:16:06-07:00,0,8
projects/index.html,86,html,ebf5522a,Ryotakemuraryo,2025-04-10,11:16:06,-07:00,2025-04-10T11:16:06-07:00,0,29
projects/index.html,87,html,ebf5522a,Ryotakemuraryo,2025-04-10,11:16:06,-07:00,2025-04-10T11:16:06-07:00,0,71
projects/index.html,88,html,ebf5522a,Ryotakemuraryo,2025-04-10,11:16:06,-07:00,2025-04-10T11:16:06-07:00,0,241
projects/index.html,89,html,ebf5522a,Ryotakemuraryo,2025-04-10,11:16:06,-07:00,2025-04-10T11:16:06-07:00,0,9
projects/index.html,90,html,ebf5522a,Ryotakemuraryo,2025-04-10,11:16:06,-07:00,2025-04-10T11:16:06-07:00,0,8
projects/index.html,91,html,ebf5522a,Ryotakemuraryo,2025-04-10,11:16:06,-07:00,2025-04-10T11:16:06-07:00,0,41
projects/index.html,92,html,ebf5522a,Ryotakemuraryo,2025-04-10,11:16:06,-07:00,2025-04-10T11:16:06-07:00,0,71
projects/index.html,93,html,ebf5522a,Ryotakemuraryo,2025-04-10,11:16:06,-07:00,2025-04-10T11:16:06-07:00,0,219
projects/index.html,94,html,3ad84785,Ryotakemuraryo,2025-04-24,15:11:08,-07:00,2025-04-24T15:11:08-07:00,0,13
projects/index.html,95,html,ebf5522a,Ryotakemuraryo,2025-04-10,11:16:06,-07:00,2025-04-10T11:16:06-07:00,0,5
projects/index.html,96,html,224dc807,Ryotakemuraryo,2025-04-03,20:31:41,-07:00,2025-04-03T20:31:41-07:00,0,6
projects/index.html,97,html,224dc807,Ryotakemuraryo,2025-04-03,20:31:41,-07:00,2025-04-03T20:31:41-07:00,0,6
meta/index.html,1,html,de57ab88,Ryotakemuraryo,2025-05-08,22:21:33,-07:00,2025-05-08T22:21:33-07:00,0,14
meta/index.html,2,html,de57ab88,Ryotakemuraryo,2025-05-08,22:21:33,-07:00,2025-05-08T22:21:33-07:00,0,15
meta/index.html,3,html,de57ab88,Ryotakemuraryo,2025-05-08,22:21:33,-07:00,2025-05-08T22:21:33-07:00,0,5
meta/index.html,4,html,57bbb098,Ryotakemuraryo,2025-05-08,22:23:38,-07:00,2025-05-08T22:23:38-07:00,0,44
meta/index.html,5,html,de57ab88,Ryotakemuraryo,2025-05-08,22:21:33,-07:00,2025-05-08T22:21:33-07:00,0,21
meta/index.html,6,html,de57ab88,Ryotakemuraryo,2025-05-08,22:21:33,-07:00,2025-05-08T22:21:33-07:00,0,69
meta/index.html,7,html,de57ab88,Ryotakemuraryo,2025-05-08,22:21:33,-07:00,2025-05-08T22:21:33-07:00,0,22
meta/index.html,8,html,de57ab88,Ryotakemuraryo,2025-05-08,22:21:33,-07:00,2025-05-08T22:21:33-07:00,0,6
meta/index.html,9,html,de57ab88,Ryotakemuraryo,2025-05-08,22:21:33,-07:00,2025-05-08T22:21:33-07:00,0,5
meta/index.html,10,html,de57ab88,Ryotakemuraryo,2025-05-08,22:21:33,-07:00,2025-05-08T22:21:33-07:00,0,12
meta/index.html,11,html,de57ab88,Ryotakemuraryo,2025-05-08,22:21:33,-07:00,2025-05-08T22:21:33-07:00,0,62
meta/index.html,12,html,de57ab88,Ryotakemuraryo,2025-05-08,22:21:33,-07:00,2025-05-08T22:21:33-07:00,0,0
meta/index.html,13,html,de57ab88,Ryotakemuraryo,2025-05-08,22:21:33,-07:00,2025-05-08T22:21:33-07:00,0,6
meta/index.html,14,html,de57ab88,Ryotakemuraryo,2025-05-08,22:21:33,-07:00,2025-05-08T22:21:33-07:00,0,6
contact/index.html,1,html,224dc807,Ryotakemuraryo,2025-04-03,20:31:41,-07:00,2025-04-03T20:31:41-07:00,0,14
contact/index.html,2,html,224dc807,Ryotakemuraryo,2025-04-03,20:31:41,-07:00,2025-04-03T20:31:41-07:00,0,15
contact/index.html,3,html,224dc807,Ryotakemuraryo,2025-04-03,20:31:41,-07:00,2025-04-03T20:31:41-07:00,0,5
contact/index.html,4,html,2fc25a3e,Ryotakemuraryo,2025-04-08,23:04:33,-07:00,2025-04-08T23:04:33-07:00,0,44
contact/index.html,5,html,382ffab5,Ryotakemuraryo,2025-04-17,12:21:04,-07:00,2025-04-17T12:21:04-07:00,0,49
contact/index.html,6,html,382ffab5,Ryotakemuraryo,2025-04-17,12:21:04,-07:00,2025-04-17T12:21:04-07:00,0,0
contact/index.html,7,html,224dc807,Ryotakemuraryo,2025-04-03,20:31:41,-07:00,2025-04-03T20:31:41-07:00,0,21
contact/index.html,8,html,224dc807,Ryotakemuraryo,2025-04-03,20:31:41,-07:00,2025-04-03T20:31:41-07:00,0,69
contact/index.html,9,html,224dc807,Ryotakemuraryo,2025-04-03,20:31:41,-07:00,2025-04-03T20:31:41-07:00,0,21
contact/index.html,10,html,224dc807,Ryotakemuraryo,2025-04-03,20:31:41,-07:00,2025-04-03T20:31:41-07:00,0,6
contact/index.html,11,html,224dc807,Ryotakemuraryo,2025-04-03,20:31:41,-07:00,2025-04-03T20:31:41-07:00,0,5
contact/index.html,12,html,f5a1d8a7,Ryotakemuraryo,2025-04-17,13:19:31,-07:00,2025-04-17T13:19:31-07:00,0,9
contact/index.html,13,html,224dc807,Ryotakemuraryo,2025-04-03,20:31:41,-07:00,2025-04-03T20:31:41-07:00,0,3
contact/index.html,14,html,224dc807,Ryotakemuraryo,2025-04-03,20:31:41,-07:00,2025-04-03T20:31:41-07:00,0,40
contact/index.html,15,html,224dc807,Ryotakemuraryo,2025-04-03,20:31:41,-07:00,2025-04-03T20:31:41-07:00,0,53
contact/index.html,16,html,daf5db64,Ryotakemuraryo,2025-04-17,12:59:55,-07:00,2025-04-17T12:59:55-07:00,0,40
contact/index.html,17,html,224dc807,Ryotakemuraryo,2025-04-03,20:31:41,-07:00,2025-04-03T20:31:41-07:00,0,79
contact/index.html,18,html,9f187cde,Ryotakemuraryo,2025-04-04,15:07:51,-07:00,2025-04-04T15:07:51-07:00,0,35
contact/index.html,19,html,224dc807,Ryotakemuraryo,2025-04-03,20:31:41,-07:00,2025-04-03T20:31:41-07:00,0,4
contact/index.html,20,html,f5a1d8a7,Ryotakemuraryo,2025-04-17,13:19:31,-07:00,2025-04-17T13:19:31-07:00,0,9
contact/index.html,21,html,224dc807,Ryotakemuraryo,2025-04-03,20:31:41,-07:00,2025-04-03T20:31:41-07:00,0,15
contact/index.html,22,html,6d5b0bb3,Ryotakemuraryo,2025-04-18,10:57:52,-07:00,2025-04-18T10:57:52-07:00,0,53
contact/index.html,23,html,4469fd28,Ryotakemuraryo,2025-04-09,18:16:31,-07:00,2025-04-09T18:16:31-07:00,0,28
contact/index.html,24,html,4469fd28,Ryotakemuraryo,2025-04-09,18:16:31,-07:00,2025-04-09T18:16:31-07:00,0,29
contact/index.html,25,html,4469fd28,Ryotakemuraryo,2025-04-09,18:16:31,-07:00,2025-04-09T18:16:31-07:00,0,22
contact/index.html,26,html,4469fd28,Ryotakemuraryo,2025-04-09,18:16:31,-07:00,2025-04-09T18:16:31-07:00,0,40
contact/index.html,27,html,587288c0,Ryotakemuraryo,2025-04-03,20:58:51,-07:00,2025-04-03T20:58:51-07:00,0,22
contact/index.html,28,html,5444235d,Ryotakemuraryo,2025-04-03,21:01:01,-07:00,2025-04-03T21:01:01-07:00,0,6
contact/index.html,29,html,224dc807,Ryotakemuraryo,2025-04-03,20:31:41,-07:00,2025-04-03T20:31:41-07:00,0,6
contact/index.html,30,html,4469fd28,Ryotakemuraryo,2025-04-09,18:16:31,-07:00,2025-04-09T18:16:31-07:00,0,6
